"http://dbpedia.org/resource/Gibbes_Museum_of_Art","gibbes museum of art","40"
"http://dbpedia.org/resource/J._Paul_Getty_Museum","j. paul getty museum","54"
"http://dbpedia.org/resource/Museum_of_Fine_Arts,_Boston","boston museum of fine arts","14"
"http://dbpedia.org/resource/Hudson_River_Museum","hudson river museum","50"
"http://dbpedia.org/resource/Minneapolis_Institute_of_Arts","minneapolis institute of arts","71"
"http://dbpedia.org/resource/Albright%E2%80%93Knox_Art_Gallery","albright-knox art gallery","1"
"http://dbpedia.org/resource/Bowdoin_College_Museum_of_Art","bowdoin college museum of art","15"
"http://dbpedia.org/resource/Brandywine_River_Museum","brandywine river museum","16"
"http://dbpedia.org/resource/Portland_Art_Museum","portland art museum","99"
"http://dbpedia.org/resource/Dumbarton_Oaks","dumbarton oaks","35"
"http://dbpedia.org/resource/Phoenix_Art_Museum","phoenix art museum","98"
"http://dbpedia.org/resource/Joslyn_Art_Museum","joslyn art museum","56"
"http://dbpedia.org/resource/P%C3%A9rez_Art_Museum_Miami","miami art museum","68"
"http://dbpedia.org/resource/Lowe_Art_Museum","lowe art museum","60"
"http://dbpedia.org/resource/Amon_Carter_Museum_of_American_Art","amon carter museum","3"
"http://dbpedia.org/resource/Norton_Museum_of_Art","norton museum of art","90"
"http://dbpedia.org/resource/Art_Institute_of_Chicago","art institute of chicago","6"
"http://dbpedia.org/resource/The_Phillips_Collection","phillips collection","97"
"http://dbpedia.org/resource/Menil_Collection","menil collection","66"
"http://dbpedia.org/resource/Denver_Art_Museum","denver art museum","32"
"http://dbpedia.org/resource/Hood_Museum_of_Art","hood museum of art","49"
"http://dbpedia.org/resource/Kemper_Museum_of_Contemporary_Art","kemper museum of contemporary art","57"
"http://dbpedia.org/resource/New_Museum","new museum of contemporary art","87"
"http://dbpedia.org/resource/Cranbrook_Educational_Community","cranbrook art museum","27"
"http://dbpedia.org/resource/New_Britain_Museum_of_American_Art","new britain museum of american art","86"
"http://dbpedia.org/resource/Corcoran_Gallery_of_Art","corcoran gallery of art","26"
"http://dbpedia.org/resource/Peabody_Essex_Museum","peabody essex museum","95"
"http://dbpedia.org/resource/Blue_Star_Contemporary_Art_Museum","blue star contemporary art center","13"
"http://dbpedia.org/resource/Montgomery_Museum_of_Fine_Arts","montgomery museum of fine arts","73"
"http://dbpedia.org/resource/Michael_C._Carlos_Museum","michael c. carlos museum","69"
"http://dbpedia.org/resource/Massachusetts_Museum_of_Contemporary_Art","massachusetts museum of contemporary art","62"
"http://dbpedia.org/resource/Memphis_Brooks_Museum_of_Art","memphis brooks museum of art","65"
"http://dbpedia.org/resource/Harvard_Art_Museums","harvard art museum","43"
"http://dbpedia.org/resource/Museum_of_Contemporary_Art_Jacksonville","museum of contemporary art jacksonville","76"
"http://dbpedia.org/resource/The_Hyde_Collection","hyde collection","51"
"http://dbpedia.org/resource/High_Museum_of_Art","high museum of art","45"
"http://dbpedia.org/resource/National_Gallery_of_Art","national gallery of art","80"
"http://dbpedia.org/resource/Chrysler_Museum_of_Art","chrysler museum of art","20"
"http://dbpedia.org/resource/Baltimore_Museum_of_Art","baltimore museum of art","9"
"http://dbpedia.org/resource/Ogden_Museum_of_Southern_Art","ogden museum of southern art","92"
"http://dbpedia.org/resource/Dahesh_Museum_of_Art","dahesh museum","29"
"http://dbpedia.org/resource/Arkansas_Arts_Center","arkansas arts center","5"
"http://dbpedia.org/resource/North_Carolina_Museum_of_Art","north carolina museum of art","89"
"http://dbpedia.org/resource/National_Museum_of_Wildlife_Art","national museum of wildlife art","81"
"http://dbpedia.org/resource/Kimbell_Art_Museum","kimbell art museum","58"
"http://dbpedia.org/resource/Winterthur_Museum,_Garden_and_Library","henry francis dupont winterthur museum","44"
"http://dbpedia.org/resource/Delaware_Art_Museum","delaware art museum","31"
"http://dbpedia.org/resource/Philadelphia_Museum_of_Art","philadelphia museum of art","96"
"http://dbpedia.org/resource/Solomon_R._Guggenheim_Museum","guggenheim museum","42"
"http://dbpedia.org/resource/National_Museum_of_Women_in_the_Arts","national museum of women in the arts","82"
"http://dbpedia.org/resource/Cincinnati_Art_Museum","cincinnati art museum","21"
"http://dbpedia.org/resource/Honolulu_Museum_of_Art","honolulu academy of arts","48"
"http://dbpedia.org/resource/Des_Moines_Art_Center","des moines art center","33"
"http://dbpedia.org/resource/Jacques_Marchais_Museum_of_Tibetan_Art","jacques marchais museum of tibetan art","55"
"http://dbpedia.org/resource/Museum_of_the_City_of_New_York","museum of the city of new york","79"
"http://dbpedia.org/resource/Barnes_Foundation","barnes foundation","10"
"http://dbpedia.org/resource/University_of_Chicago_Oriental_Institute","oriental institute","93"
"http://dbpedia.org/resource/Museum_of_Fine_Arts,_Houston","museum of fine arts houston","77"
"http://dbpedia.org/resource/Frost_Art_Museum","frost art museum","39"
"http://dbpedia.org/resource/Clark_Art_Institute","clark art institute","22"
"http://dbpedia.org/resource/Grand_Rapids_Art_Museum","grand rapids art museum","41"
"http://dbpedia.org/resource/Farnsworth_Art_Museum","farnsworth art museum","36"
"http://dbpedia.org/resource/Frick_Collection","frick museum","38"
"http://dbpedia.org/resource/Neue_Galerie_New_York","neue galerie","85"
"http://dbpedia.org/resource/Mint_Museum","mint museum of art","72"
"http://dbpedia.org/resource/Princeton_University_Art_Museum","princeton university art museum","100"
"http://dbpedia.org/resource/Hirshhorn_Museum_and_Sculpture_Garden","hirshhorn museum and sculpture garden","46"
"http://dbpedia.org/resource/Columbus_Museum_of_Art","columbus museum of art","24"
"http://dbpedia.org/resource/Dallas_Museum_of_Art","dallas museum of art","30"
"http://dbpedia.org/resource/Cooper–Hewitt,_National_Design_Museum","cooper-hewitt museum","25"
"http://dbpedia.org/resource/National_Portrait_Gallery_(United_States)","national portrait gallery","83"
"http://dbpedia.org/resource/Bass_Museum","bass museum","11"
"http://dbpedia.org/resource/Meadows_Museum","meadows museum","64"
"http://dbpedia.org/resource/Nelson-Atkins_Museum_of_Art","nelson-atkins museum of art","84"
"http://dbpedia.org/resource/Museum_of_Contemporary_Art,_Chicago","museum of contemporary art","74"
"http://dbpedia.org/resource/Indianapolis_Museum_of_Art","indianapolis museum of art","52"
"http://dbpedia.org/resource/McNay_Art_Museum","mcnay art museum","63"
"http://dbpedia.org/resource/Fenimore_Art_Museum","fenimore art museum","37"
"http://dbpedia.org/resource/Norton_Simon_Museum","norton simon museum","91"
"http://dbpedia.org/resource/Hispanic_Society_of_America","hispanic society of america","47"
"http://dbpedia.org/resource/MoMA_PS1","p.s. 1 contemporary art center","94"
"http://dbpedia.org/resource/Milwaukee_Art_Museum","milwaukee art museum","70"
"http://dbpedia.org/resource/De_Young_(museum)","m. h. de young memorial museum","61"
"http://dbpedia.org/resource/Isabella_Stewart_Gardner_Museum","isabella stewart gardner museum","53"
"http://dbpedia.org/resource/Asia_Society","asia society","8"
"http://dbpedia.org/resource/The_Andy_Warhol_Museum","andy warhol museum","4"
"http://dbpedia.org/resource/Carnegie_Museum_of_Art","carnegie museum of art","19"
"http://dbpedia.org/resource/Artpace","artpace","7"
"http://dbpedia.org/resource/Metropolitan_Museum_of_Art","metropolitan museum of art","67"
"http://dbpedia.org/resource/Currier_Museum_of_Art","currier museum of art","28"
"http://dbpedia.org/resource/Columbia_Museum_of_Art","columbia museum of art","23"
"http://dbpedia.org/resource/Allen_Memorial_Art_Museum","allen memorial art museum","2"
"http://dbpedia.org/resource/Museum_of_Modern_Art","museum of modern art (moma)","78"
"http://dbpedia.org/resource/Birmingham_Museum_of_Art","birmingham museum of art","12"
"http://dbpedia.org/resource/Los_Angeles_County_Museum_of_Art","los angeles county museum of art","59"
"http://dbpedia.org/resource/Museum_of_Contemporary_Art,_North_Miami","museum of contemporary art","75"
"http://dbpedia.org/resource/Brooklyn_Museum","brooklyn museum","17"
"http://dbpedia.org/resource/New_Orleans_Museum_of_Art","new orleans museum of art","88"
"http://dbpedia.org/resource/Legion_of_Honor_(museum)","california palace of the legion of honor","18"
"http://dbpedia.org/resource/Dixon_Gallery_and_Gardens","dixon gallery and gardens","34"
