"http://dbpedia.org/resource/Royal_Alexandra_Hospital_for_Children","the children's hospital at westmead","9"
"http://dbpedia.org/resource/Prince_of_Wales_Hospital,_Sydney","prince of wales/prince henry/sydney children's hospitals","5"
"http://dbpedia.org/resource/Nepean_Hospital","nepean hospital","4"
"http://dbpedia.org/resource/St_Vincent's_Hospital,_Sydney","st vincent's hospital","8"
"http://dbpedia.org/resource/Liverpool_Hospital","liverpool hospital","3"
"http://dbpedia.org/resource/Royal_Prince_Alfred_Hospital","royal prince alfred hospital","7"
"http://dbpedia.org/resource/Concord_Repatriation_General_Hospital","concord repatriation general hospital","1"
"http://dbpedia.org/resource/Royal_North_Shore_Hospital","royal north shore hospital","6"
"http://dbpedia.org/resource/Westmead_Hospital","westmead hospital","10"
