"http://dbpedia.org/resource/InterContinental_San_Francisco","intercontinental san francisco","4"
"http://dbpedia.org/resource/Palace_Hotel,_San_Francisco","palace hotel - a starwood luxury sheraton hotel","7"
"http://dbpedia.org/resource/Hilton_San_Francisco_Union_Square","hilton san francisco union square","2"
"http://dbpedia.org/resource/Hotel_Palomar_(Washington,_D.C.)","hotel palomar","3"
"http://dbpedia.org/resource/Grand_Hyatt_San_Francisco","grand hyatt san francisco","1"
"http://dbpedia.org/resource/W_San_Francisco","w hotel","10"
"http://dbpedia.org/resource/Westin_San_Francisco_Market_Street","westin san francisco market street","11"
"http://dbpedia.org/resource/San_Francisco_Marriott_Marquis","san francisco marriott marquis","9"
