"http://dbpedia.org/page/St_Mary’s_Hospital_(London)","st marys hospital","71"
"http://dbpedia.org/resource/Wycombe_General_Hospital","wycombe general hospital","9"
"http://dbpedia.org/resource/North_Hampshire_Hospital","north hampshire hospital","40"
"http://dbpedia.org/resource/Royal_Hallamshire_Hospital","royal hallamshire hospital","82"
"http://dbpedia.org/resource/Airedale_General_Hospital","airedale general hospital","88"
"http://dbpedia.org/resource/The_Royal_Marsden_NHS_Foundation_Trust","royal marsden hospital","61"
"http://dbpedia.org/resource/Charing_Cross_Hospital","charing cross hospital","58"
"http://dbpedia.org/resource/Barnet_General_Hospital","barnet general hospital&nbsp;","3"
"http://dbpedia.org/resource/Trafford_General_Hospital","trafford general hospital&nbsp;","21"
"http://dbpedia.org/resource/University_Hospital_of_Hartlepool","university hospital of hartlepool","42"
"http://dbpedia.org/resource/James_Cook_University_Hospital","james cook univ. hospital&nbsp;","66"
"http://dbpedia.org/resource/Wansbeck_General_Hospital","wansbeck general hospital","69"
"http://dbpedia.org/resource/Addenbrooke's_Hospital","addenbrookes hospital&nbsp;","12"
"http://dbpedia.org/resource/Royal_United_Hospital","royal united hospital (north)","17"
"http://dbpedia.org/resource/Poole_Hospital","poole hospital nhs trust","73"
"http://dbpedia.org/resource/Horton_General_Hospital","horton general hospital&nbsp;","2"
"http://dbpedia.org/resource/Darlington_Memorial_Hospital","darlington memorial hospital","20"
"http://dbpedia.org/resource/Grantham_and_Kesteven_Hospital","grantham and district&nbsp;","38"
"http://dbpedia.org/resource/Bosom_Friends","bosom friends (windsor)","104"
"http://dbpedia.org/resource/Bedford_Hospital_NHS_Trust","bedford hospital","6"
"http://dbpedia.org/resource/Harrogate_and_District_NHS_Foundation_Trust","harrogate district hospital","41"
"http://dbpedia.org/resource/Chase_Farm_Hospital","chase farm hospital","28"
"http://dbpedia.org/resource/Whittington_Hospital","whittington hospital&nbsp;&nbsp;","59"
"http://dbpedia.org/resource/Leeds_General_Infirmary","leeds general hospital","52"
"http://dbpedia.org/resource/Norfolk_and_Norwich_University_Hospital","norfolk &amp; norwich univ’ hospital","70"
"http://dbpedia.org/resource/Musgrove_Park_Hospital","musgrove park hospital","93"
"http://dbpedia.org/resource/Yeovil_District_Hospital","yeovil district hospital","110"
"http://dbpedia.org/resource/Royal_Devon_and_Exeter_Hospital","royal devon &amp; exeter hospital&nbsp;","32"
"http://dbpedia.org/resource/St_James's_University_Hospital","st james university hospital","53"
"http://dbpedia.org/resource/Salisbury_District_Hospital","salisbury district hospital&nbsp;","79"
"http://dbpedia.org/resource/Gloucestershire_Royal_Hospital","gloucester royal hospital","36"
"http://dbpedia.org/resource/Derriford_Hospital","derriford hospital","23"
"http://dbpedia.org/resource/Queen_Elizabeth_Hospital,_Gateshead","queen elizabeth hospital&nbsp;&nbsp;","34"
"http://dbpedia.org/resource/Guy's_Hospital","guy's hospital&nbsp;","60"
"http://dbpedia.org/resource/King's_College_Hospital","king’s college hospital","57"
"http://dbpedia.org/resource/York_Teaching_Hospital_NHS_Foundation_Trust","york district hospital","111"
"http://dbpedia.org/resource/Pennine_Care_NHS_Foundation_Trust","birch hill hospital","76"
"http://dbpedia.org/resource/St_Albans","st albans city hospital","86"
"http://dbpedia.org/resource/Stoke_Mandeville_Hospital","stoke mandeville hospital","1"
"http://dbpedia.org/resource/West_Middlesex_University_Hospital","west middlesex hospital","100"
"http://dbpedia.org/resource/Torbay_Hospital","torbay hospital&nbsp;","95"
"http://dbpedia.org/resource/Bishop_Auckland_Hospital","bishop auckland general hospital","7"
"http://dbpedia.org/resource/Diana,_Princess_of_Wales_Hospital","diana princess of wales hospital&nbsp;","39"
"http://dbpedia.org/resource/Epsom_Hospital","epsom general hospital&nbsp;","30"
"http://dbpedia.org/resource/Royal_Bolton_Hospital_NHS_Foundation_Trust","bolton hospital","51"
"http://dbpedia.org/resource/Crawley_Hospital","crawley hospital","101"
"http://dbpedia.org/resource/Princess_Royal_Hospital_(Haywards_Heath)","the princess royal hospital","43"
"http://dbpedia.org/resource/Breast_Cancer_Haven","breast cancer haven","62"
"http://dbpedia.org/resource/Walton,_Liverpool","walton hospital","56"
"http://dbpedia.org/resource/Scunthorpe_General_Hospital","scunthorpe general hospital&nbsp;","81"
"http://dbpedia.org/resource/Queen_Elizabeth_II_Hospital","queen elizabeth 11 hospital","45"
"http://dbpedia.org/resource/Lincoln_County_Hospital","lincoln county hospital","55"
"http://dbpedia.org/resource/Royal_Derby_Hospital","derby city general hospital","22"
"http://dbpedia.org/resource/Worthing_Hospital","worthing hospital&nbsp;","109"
"http://dbpedia.org/resource/Edith_Cavell_Hospital","edith cavell hospital","72"
"http://dbpedia.org/page/West_Suffolk_NHS_Foundation_Trust","west suffolk hospital nhs trust","11"
"http://dbpedia.org/resource/Whipps_Cross_University_Hospital","whipps cross hospital","54"
"http://dbpedia.org/resource/Whiston,_Merseyside","whiston hospital","74"
"http://dbpedia.org/resource/Castle_Hill_Hospital","castle hill hospital","18"
"http://dbpedia.org/resource/Doncaster_Royal_Infirmary","doncaster royal infirmary","24"
"http://dbpedia.org/resource/The_Scarborough_Hospital","scarborough general hospital","80"
"http://dbpedia.org/resource/Bradford_Royal_Infirmary","bradford royal infirmary","102"
"http://dbpedia.org/resource/St_Richard's_Hospital","st richard's hospital","15"
"http://dbpedia.org/resource/Breast_Cancer_Haven","breast cancer haven","44"
"http://dbpedia.org/resource/Hillingdon_Hospital","hillingdon hospital&nbsp;","96"
"http://dbpedia.org/resource/North_Devon_District_Hospital","north devon district hospital","4"
"http://dbpedia.org/resource/Medway_Maritime_Hospital","medway-maritime hospital","35"
"http://dbpedia.org/resource/Kettering_General_Hospital_Foundation_Trust","kettering general hospital","68"
"http://dbpedia.org/resource/Royal_South_Hants_Hospital","royal south hants hospital","84"
"http://dbpedia.org/resource/East_Surrey_Hospital","east surrey hospital","75"
"http://dbpedia.org/resource/Royal_Bournemouth_Hospital","royal bournemouth hospital","26"
"http://dbpedia.org/resource/Pilgrim_Hospital","pilgrim hospital","8"
"http://dbpedia.org/resource/Conquest_Hospital","conquest hospital","87"
"http://dbpedia.org/resource/South_Tyneside_NHS_Foundation_Trust","south tyneside district hospital","83"
"http://dbpedia.org/resource/Dorset_County_Hospital","dorset county hospital","25"
"http://dbpedia.org/resource/Tameside_General_Hospital","tameside general hospital&nbsp;","0"
"http://dbpedia.org/resource/East_Lancashire_Hospitals_NHS_Trust","burnley general hospital","10"
"http://dbpedia.org/resource/East_Lancashire_Hospitals_NHS_Trust","blackburn royal infirmary","50"
"http://dbpedia.org/resource/William_Harvey_Hospital","william harvey hospital","106"
"http://dbpedia.org/resource/Frimley_Park_Hospital_NHS_Foundation_Trust","frimley park hospital","33"
"http://dbpedia.org/resource/Royal_Hospital_Haslar","royal hospital","37"
"http://dbpedia.org/resource/Queen_Elizabeth_Hospital,_King's_Lynn","queen elizabeth hospital","48"
"http://dbpedia.org/resource/University_Hospital_of_South_Manchester","sth manchester univ. hospital&nbsp;","64"
"http://dbpedia.org/resource/Essex_County_Hospital_Center","essex county hospital","16"
"http://dbpedia.org/resource/West_Middlesex_University_Hospital","west middlesex univ. hospital","47"
"http://dbpedia.org/resource/Leighton_Hospital","leighton hospital","19"
"http://dbpedia.org/resource/Croydon_Health_Services_NHS_Trust","mayday hospital","94"
