{"relation":[["Fans\u0027 Rank","101","102","103","104","105","106","107","108","109","110","111","112","113","114","115","116","117","118","119","120","121","122","123","124","125","126","127","128","129","130","131","132","133","134","135","136","137","138","139","140","141","142","143","144","145","146","147","148","149","150","151","152","153","154","155","156","157","158","159","160","161","162","163","164","165","166","167","168","169","170","171","172","173","174","175","176","177","178","179","180","181","182","183","184","185","186","187","188","189","190","191","192","193","194","195","196","197","198","199","200"],["Title","The Treasure of the Sierra Madre","Groundhog Day","The Seventh Seal","Rash?mon","Duck Soup","City Lights","Do the Right Thing","Crouching Tiger, Hidden Dragon","Manhattan","Ben-Hur","M","Twelve Monkeys","Trainspotting","Paths of Glory","Requiem for a Dream","The Apartment","Network","Rain Man","This Is Spinal Tap","Dances with Wolves","Ran","Mr. Smith Goes to Washington","Mulholland Dr.","The Bicycle Thief","High Noon","Metropolis","The Great Escape","Indiana Jones and the Last Crusade","American History X","The Sting","Modern Times","Being John Malkovich","Good Will Hunting","West Side Story","Dog Day Afternoon","The Professional","King Kong","Clerks.","A Streetcar Named Desire","The 400 Blows","Am?lie","Life Is Beautiful","Rebel without a Cause","Ed Wood","The Big Sleep","The Truman Show","Young Frankenstein","Cool Hand Luke","The Elephant Man","The Untouchables","Patton","Ferris Bueller\u0027s Day Off","It Happened One Night","The Conversation","The Philadelphia Story","Glory","Das Boot","The African Queen","Once Upon a Time in America","The Grapes of Wrath","Batman","Raising Arizona","Airplane!","The Night of the Hunter","Stand by Me","Almost Famous","Strangers on a Train","Notorious","The Sound of Music","Boogie Nights","Rebecca","Casino","Bringing Up Baby","The Green Mile","The General","Mean Streets","Moulin Rouge!","Life of Brian","Halloween","Ghostbusters","Kill Bill: Vol. 1","The Fugitive","City of God","Planet of the Apes","Fantasia","Field of Dreams","The Battleship Potemkin","Breathless","The French Connection","The Birds","Run Lola Run","The Rules of the Game","Spartacus","The Best Years of Our Lives","Donnie Darko","Edward Scissorhands","Persona","Beauty and the Beast","The Passion of Joan of Arc","La Dolce Vita"],["Year","1948","1993","1957","1950","1933","1931","1989","2000","1979","1959","1931","1995","1996","1957","2000","1960","1976","1988","1984","1990","1985","1939","2001","1948","1952","1927","1963","1989","1998","1973","1936","1999","1997","1961","1975","1994","1933","1994","1951","1959","2001","1997","1955","1994","1946","1998","1974","1967","1980","1987","1970","1986","1934","1974","1940","1989","1981","1951","1984","1940","1989","1987","1980","1955","1986","2000","1951","1946","1965","1997","1940","1995","1938","1999","1926","1973","2001","1979","1978","1984","2003","1993","2002","1968","1940","1989","1925","1960","1971","1963","1998","1939","1960","1946","2001","1990","1966","1991","1928","1960"],["Director(s)","John Huston","Harold Ramis","Ingmar Bergman","Akira Kurosawa","Leo McCarey","Charles Chaplin","Spike Lee","Ang Lee","Woody Allen","William Wyler","Fritz Lang","Terry Gilliam","Danny Boyle","Stanley Kubrick","Darren Aronofsky","Billy Wilder","Sidney Lumet","Barry Levinson","Rob Reiner","Kevin Costner","Akira Kurosawa","Frank Capra","David Lynch","Vittorio De Sica","Fred Zinnemann","Fritz Lang","John Sturges","Steven Spielberg","Tony Kaye","George Roy Hill","Charles Chaplin","Spike Jonze","Gus Van Sant","Jerome Robbins and Robert Wise","Sidney Lumet","Luc Besson","Merian C. Cooper and Ernest B. Schoedsack","Kevin Smith","Elia Kazan","Fran?ois Truffaut","Jean-Pierre Jeunet","Roberto Benigni","Nicholas Ray","Tim Burton","Howard Hawks","Peter Weir","Mel Brooks","Stuart Rosenberg","David Lynch","Brian De Palma","Franklin J. Schaffner","John Hughes","Frank Capra","Francis Ford Coppola","George Cukor","Edward Zwick","Wolfgang Petersen","John Huston","Sergio Leone","John Ford","Tim Burton","Joel Coen","Jerry Zucker, Jim Abrahams, and David Zucker","Charles Laughton","Rob Reiner","Cameron Crowe","Alfred Hitchcock","Alfred Hitchcock","Robert Wise","Paul Thomas Anderson","Alfred Hitchcock","Martin Scorsese","Howard Hawks","Frank Darabont","Clyde Bruckman and Buster Keaton","Martin Scorsese","Baz Luhrmann","Terry Jones","John Carpenter","Ivan Reitman","Quentin Tarantino","Andrew Davis","Fernando Meirelles","Franklin J. Schaffner","James Algar, Samuel Armstrong, Ford Beebe, Norman Ferguson, Jim Handley, T. Hee, Wilfred Jackson, Hamilton Luske, Bill Roberts, and Paul Satterfield","Phil Alden Robinson","Sergei M. Eisenstein","Jean-Luc Godard","William Friedkin","Alfred Hitchcock","Tom Tykwer","Jean Renoir","Stanley Kubrick","William Wyler","Richard Kelly","Tim Burton","Ingmar Bergman","Gary Trousdale and Kirk Wise","Carl Theodor Dreyer","Federico Fellini"],["Overall Rank","92","130","119","84","56","68","100","165","135","140","75","341","117","152","434","127","221","347","78","213","185","156","310","67","58","53","166","450","706","281","108","319","387","88","285","282","47","322","145","71","182","238","115","497","163","291","260","336","421","408","241","295","69","155","109","395","194","120","207","102","451","528","175","61","315","571","235","104","79","373","225","488","52","560","45","190","219","147","131","314","351","496","227","240","199","245","74","81","151","262","494","70","211","126","212","287","158","246","143","134"]],"pageTitle":"Phi Phenomenon -- Top Films According to Fans (#101-200)","title":"","url":"http://www.phi-phenomenon.org/amateur/rank2.htm","hasHeader":true,"headerPosition":"FIRST_ROW","tableType":"RELATION","tableNum":0,"s3Link":"","recordEndOffset":0,"recordOffset":0,"tableOrientation":"HORIZONTAL","lastModified":"","textBeforeTable":"Top Film According to Regular Film Fans (#101-200)","textAfterTable":"This page was last modified on March 29, 2011","hasKeyColumn":true,"keyColumnIndex":1,"headerRowIndex":0}