{"relation":[["Fans\u0027 Rank","442","267","505","175","486","432","180","72","317","156","1","4","256","216","240","46","133","55","6","352","43","201","160","437","299","335","127","464","174","512","102","179","293","443","492","482","270","351","380","85","445","339","324","125","206","431","458","236","461","263","378","473","318","128","295","296","412","420","306","491","153","27","252","20","294","95","303","94","181","224","327","439","349","453","137","407","494","52","466","480","400","363","246","487","315","501","456","35","311","308","142","178","220","257","389","44","78","74","495","281"],["Title","The Game","Gandhi","Gattaca","The General","Ghost","Ghost World","Ghostbusters","Gladiator","Glengarry Glen Ross","Glory","The Godfather","The Godfather: Part II","The Godfather: Part III","The Gold Rush","Goldfinger","Gone with the Wind","Good Will Hunting","The Good, the Bad and the Ugly","Goodfellas","The Goonies","The Graduate","The Grand Illusion","The Grapes of Wrath","Grave of the Fireflies","Grease","The Great Dictator","The Great Escape","Greed","The Green Mile","Grosse Pointe Blank","Groundhog Day","Halloween","Hannah and Her Sisters","Happiness","Happy Gilmore","Hard Boiled","A Hard Day\u0027s Night","Harold and Maude","Harvey","Heat","Heathers","Heavenly Creatures","High Fidelity","High Noon","His Girl Friday","The Hudsucker Proxy","The Hunt for Red October","The Hustler","The Ice Storm","Ikiru","In the Heat of the Night","In the Mood for Love","Independence Day","Indiana Jones and the Last Crusade","Indiana Jones and the Temple of Doom","The Insider","Interview with the Vampire: The Vampire Chronicles","Intolerance","Invasion of the Body Snatchers","The Iron Giant","It Happened One Night","It\u0027s a Wonderful Life","Jackie Brown","Jaws","Jerry Maguire","JFK","Jules and Jim","Jurassic Park","Kill Bill: Vol. 1","Kill Bill: Vol. 2","The Killer","The Killing Fields","The Killing","Kind Hearts and Coronets","King Kong","The King of Comedy","Kramer vs. Kramer","L.A. Confidential","The Lady Eve","The Lady Vanishes","The Last Emperor","The Last of the Mohicans","The Last Picture Show","Last Tango in Paris","The Last Temptation of Christ","Last Year at Marienbad","Laura","Lawrence of Arabia","Leaving Las Vegas","Lethal Weapon","Life Is Beautiful","Life of Brian","The Lion King","Lock, Stock and Two Smoking Barrels","Lolita","The Lord of the Rings: The Fellowship of the Ring","The Lord of the Rings: The Return of the King","The Lord of the Rings: The Two Towers","Lost Highway","Lost in Translation"],["Year","1997","1982","1997","1926","1990","2001","1984","2000","1992","1989","1972","1974","1990","1925","1964","1939","1997","1966","1990","1985","1967","1937","1940","1988","1978","1940","1963","1924","1999","1997","1993","1978","1986","1998","1996","1992","1964","1971","1950","1995","1988","1994","2000","1952","1940","1994","1990","1961","1997","1952","1967","2000","1996","1989","1984","1999","1994","1916","1956","1999","1934","1946","1997","1975","1996","1991","1962","1993","2003","2004","1989","1984","1956","1949","1933","1982","1979","1997","1941","1938","1987","1992","1971","1972","1988","1961","1944","1962","1995","1987","1997","1979","1994","1998","1962","2001","2003","2002","1997","2003"],["Director(s)","David Fincher","Richard Attenborough","Andrew Niccol","Clyde Bruckman and Buster Keaton","Jerry Zucker","Terry Zwigoff","Ivan Reitman","Ridley Scott","James Foley","Edward Zwick","Francis Ford Coppola","Francis Ford Coppola","Francis Ford Coppola","Charles Chaplin","Guy Hamilton","Victor Fleming","Gus Van Sant","Sergio Leone","Martin Scorsese","Richard Donner","Mike Nichols","Jean Renoir","John Ford","Isao Takahata","Randal Kleiser","Charles Chaplin","John Sturges","Erich von Stroheim","Frank Darabont","George Armitage","Harold Ramis","John Carpenter","Woody Allen","Todd Solondz","Dennis Dugan","John Woo","Richard Lester","Hal Ashby","Henry Koster","Michael Mann","Michael Lehmann","Peter Jackson","Stephen Frears","Fred Zinnemann","Howard Hawks","Joel Coen","John McTiernan","Robert Rossen","Ang Lee","Akira Kurosawa","Norman Jewison","Kar Wai Wong","Roland Emmerich","Steven Spielberg","Steven Spielberg","Michael Mann","Neil Jordan","D.W. Griffith","Don Siegel","Brad Bird","Frank Capra","Frank Capra","Quentin Tarantino","Steven Spielberg","Cameron Crowe","Oliver Stone","Fran?ois Truffaut","Steven Spielberg","Quentin Tarantino","Quentin Tarantino","John Woo","Roland Joff?","Stanley Kubrick","Robert Hamer","Merian C. Cooper and Ernest B. Schoedsack","Martin Scorsese","Robert Benton","Curtis Hanson","Preston Sturges","Alfred Hitchcock","Bernardo Bertolucci","Michael Mann","Peter Bogdanovich","Bernardo Bertolucci","Martin Scorsese","Alain Resnais","Otto Preminger","David Lean","Mike Figgis","Richard Donner","Roberto Benigni","Terry Jones","Roger Allers and Rob Minkoff","Guy Ritchie","Stanley Kubrick","Peter Jackson","Peter Jackson","Peter Jackson","David Lynch","Sofia Coppola"],["Overall Rank","1491","251","950","45","416","815","314","113","612","395","1","14","432","97","186","17","387","118","26","1036","39","90","102","771","187","369","166","209","560","745","130","131","354","763","1493","693","157","256","633","150","717","710","687","58","72","1435","1468","222","1072","331","343","271","431","450","676","647","1412","181","180","463","69","16","927","24","304","423","168","149","351","701","398","620","542","170","47","475","535","82","138","376","546","468","325","397","865","439","259","9","793","794","238","147","270","740","806","60","96","123","1322","254"]],"pageTitle":"Phi Phenomenon -- Top Films According to Fans (G-L)","title":"","url":"http://www.phi-phenomenon.org/amateur/alpha3.htm","hasHeader":true,"headerPosition":"FIRST_ROW","tableType":"RELATION","tableNum":0,"s3Link":"","recordEndOffset":0,"recordOffset":0,"tableOrientation":"HORIZONTAL","lastModified":"","textBeforeTable":"Top Films According to Regular Film Fans (G-L)","textAfterTable":"This page was last modified on June 29, 2011","hasKeyColumn":true,"keyColumnIndex":1,"headerRowIndex":0}