{"relation":[["LW","-","2","1","-","3","5","4","7","8","6","17","10","9","11","12","14","15","13","18","16"],["","","","","","","","","","","","","","","","","","","","",""],["TW","1","2","3","4","5","6","7","8","9","10","11","12","13","14","15","16","17","18","19","20"],["","","","","","","","","","","","","","","","","","","","",""],["","","","","","","","","","","","","","","","","","","","",""],["Title","STAR TREK ONLINE","FOOTBALL MANAGER 2010","MASS EFFECT 2","S.T.A.L.K.E.R. CALL OF PRIPYAT","THE SIMS 3","THE SIMS 3: WORLD ADVENTURES","CALL OF DUTY: MODERN WARFARE 2","WORLD OF WARCRAFT: WRATH OF LICH KING","DRAGON AGE: ORIGINS","EMPIRE: TOTAL WAR","BATMAN: ARKHAM ASYLUM","FALLOUT 3: GAME OF THE YEAR EDITION","GRAND THEFT AUTO IV","LEFT 4 DEAD 2","BORDERLANDS","SPORE","MICROSOFT FLIGHT SIMULATOR X GOLD","JAMES CAMERON\u0027S AVATAR: THE GAME","BLOOD BOWL","WARHAMMER 40,000: DAWN OF WAR II"],["Developer","CRYPTIC STUDIOS","SPORTS INTERACTIVE","BIOWARE","GSC GAME WORLD","THE SIMS STUDIO","THE SIMS STUDIO","INFINITY WARD","BLIZZARD ENTERTAINMENT","BIOWARE","CREATIVE ASSEMBLY","ROCKSTEADY STUDIOS","BETHESDA","ROCKSTAR TORONTO","VALVE","GEARBOX SOFTWARE","MAXIS","ACES STUDIO","UBISOFT (MONTREAL)","CYANIDE","RELIC"],["Label","ATARI","SEGA","EA GAMES","BITCOMPOSER","EA GAMES","EA GAMES","ACTIVISION","BLIZZARD","EA GAMES","SEGA","EIDOS","BETHESDA SOFTWORKS","ROCKSTAR","EA GAMES","2K GAMES","EA GAMES","MICROSOFT","UBISOFT","FOCUS HOME INTERACTIVE","THQ"],["Publisher","NAMCO BANDAI GAMES","SEGA","ELECTRONIC ARTS","KOCH MEDIA","ELECTRONIC ARTS","ELECTRONIC ARTS","ACTIVISION BLIZZARD","ACTIVISION BLIZZARD","ELECTRONIC ARTS","SEGA","SQUARE ENIX EUROPE","BETHESDA SOFTWORKS","TAKE 2","ELECTRONIC ARTS","TAKE 2","ELECTRONIC ARTS","MICROSOFT","UBISOFT","THQ","THQ"]],"pageTitle":"STO:Was The Best-selling PC Game In The U.K.! - Wow power leveling, Wow power level, Cheap Wow power leveling","title":"","url":"http://www.powerleveling-cheap.com/news/game-news-32838.html","hasHeader":true,"headerPosition":"FIRST_ROW","tableType":"RELATION","tableNum":0,"s3Link":"","recordEndOffset":0,"recordOffset":0,"tableOrientation":"HORIZONTAL","TableContextTimeStampAfterTable":"{7395\u003dTOP 20 PC ENTERTAINMENT (FULL PRICE), WEEK ENDING 6 February 2010, 7221\u003dLast week, Star Trek Online was the NO.1 ,on TOP 20 PC ENTERTAINMENT (FULL PRICE), WEEK ENDING 6 February 2010.}","lastModified":"","textBeforeTable":"TOP 20 PC ENTERTAINMENT (FULL PRICE), WEEK ENDING 6 February 2010 Last week, Star Trek Online was the NO.1 ,on TOP 20 PC ENTERTAINMENT (FULL PRICE), WEEK ENDING 6 February 2010. Feb 09,2010 STO:Was The Best-selling PC Game In The U.K.! NEWS Powerleveling-cheap offers fast?safe powerleveling, items and account transaction service. We has a professional power leveler team who had years of experience in leveling characters with very low ban rate. All leveling will be done safe, fast and no bot using. E-mail: Order ID: Track Your Power Leveling Track Your Order Tracking . customerservice@powerleveling-cheap.com Email: � powerleveling-cheap2010@hotmail.com MSN: Fax:1-(650)-240-3909 Tel: 1-(650)-461-9387","textAfterTable":"STO was the best-selling PC game in the U.K.! Notice: Using illegal leveling and gold service might terminate the account. Top Games Star Wars: The Old Republic SWTOR Items SWTOR Power Leveling Star Wars: The Old Republic - EU SWTOR - EU Power Leveling World of Warcraft WOW Gold WOW Transmogrification WOW Items WOW Power Leveling WOW CD Key","hasKeyColumn":true,"keyColumnIndex":5,"headerRowIndex":0}