{"relation":[["Rank","1","2","3","4","5","6","7","8","9","10","11","12","13","14","15","16","17","18","19","20","21","22","23","24","25","26","27","28","29","30","31","32","33","34","35","36","37","38","39","40","41","42","43","44","45","46","47","48","49","50","51","52","53","54","55","56","57","58","59","60","61","62","63","64","65","66","67","68","69","70","71","72","73","74","75","76","77","78","79","80","81","82","83","84","85","86","87","88","89","90","91","92","93","94","95","96","97","98","99","100"],["Was","1","2","3","4","5","6","7","8","9","11","10","12","14","15","13","16","17","18","19","23","21","22","20","26","24","25","28","27","30","29","32","34","31","35","33","47","42","36","37","38","48","41","44","43","40","39","45","46","49","50","51","52","58","56","57","54","55","53","59","60","64","61","62","63","65","70","68","66","83","67","73","85","77","72","76","71","78","75","79","74","89","84","82","94","88","87","81","93","86","80","90","92","91","95","99","96","97","Ret","Ret","Ret"],["Peak","1","2","2","4","3","3","1","1","9","1","4","1","13","1","1","13","12","2","2","7","4","2","7","1","1","3","2","2","4","11","1","1","2","1","10","25","2","7","1","2","41","41","3","2","4","1","18","1","7","18","1","11","2","1","1","1","4","23","7","2","5","1","1","2","1","2","13","19","16","2","1","3","2","16","1","5","2","1","32","3","4","1","10","7","11","1","3","1","1","7","11","1","5","1","72","1","1","3","12","2"],["Days on Chart","418","235","183","36","107","189","1214","172","11","622","608","711","15","2611","246","18","21","221","119","189","198","195","108","798","4865","121","723","500","98","25","511","227","133","2108","79","17","1301","82","724","3843","4","92","3799","2813","102","151","3779","460","129","2823","2537","84","2585","844","999","1217","1236","44","87","222","4392","1313","605","721","1224","512","81","345","125","346","2652","153","468","66","265","120","479","672","71","620","307","405","80","999","131","1182","177","556","841","1144","452","960","306","1882","6","812","1123","595","229","787"],["System","Xbox 360","PlayStation 3","PC","PlayStation 3","PlayStation 3","PC","PlayStation 3","PlayStation 3","Xbox 360","PC","Wii","DS","Xbox 360","PC","Xbox 360","Xbox 360","3DS","PlayStation 3","Xbox 360","Xbox 360","PlayStation 3","Xbox 360","Xbox 360","Xbox 360","PlayStation","PlayStation 3","Xbox 360","PC","PlayStation 3","PC","Xbox 360","Xbox 360","Xbox 360","PlayStation 2","PlayStation 3","PlayStation 3","PC","PlayStation 3","PC","PlayStation 2","PlayStation 3","PlayStation 3","PC","Game Boy Advance","Xbox 360","PC","PlayStation","PlayStation 3","PlayStation 3","PlayStation","Game Boy Advance","PlayStation 3","PC","PC","DS","PSP","PlayStation 2","PlayStation 3","3DS","Wii","Nintendo 64","DS","DS","Wii","Xbox 360","PSP","PlayStation 3","DS","3DS","DS","PlayStation 2","PlayStation 3","PC","Xbox 360","PC","Wii U","PC","Xbox 360","PlayStation 3","PSP","PSP","3DS","Xbox 360","PC","PlayStation 3","PSP","PlayStation 3","Xbox 360","Xbox 360","PlayStation 2","PSP","PC","PSP","DS","PC","Xbox 360","Xbox 360","DS","PSP","PC"],["Game","The Elder Scrolls V: Skyrim","Final Fantasy XIII-2","The Elder Scrolls V: Skyrim","SoulCalibur V","The Elder Scrolls V: Skyrim","Star Wars: The Old Republic","Final Fantasy XIII","Dark Souls","SoulCalibur V","League of Legends","The Legend of Zelda: Skyward Sword","Pokemon Black Version","Final Fantasy XIII-2","World of Warcraft","Call of Duty: Modern Warfare 3","Kingdoms of Amalur: Reckoning","Resident Evil: Revelations","DC Universe Online","Batman: Arkham City","Mass Effect 3","Ultimate Marvel vs. Capcom 3","Battlefield 3","WWE \u002712","Mass Effect 2","Final Fantasy VII","Batman: Arkham City","Final Fantasy XIII","Minecraft","Call of Duty: Modern Warfare 3","Katawa Shoujo","Fallout: New Vegas","Gears of War 3","Dark Souls","Final Fantasy XII","WWE \u002712","Kingdoms of Amalur: Reckoning","Team Fortress 2","Assassin\u0027s Creed: Revelations","Starcraft II: Wings of Liberty","Final Fantasy X","Twisted Metal","Naruto Shippuden: Ultimate Ninja Storm Generations","Diablo II: Lord of Destruction","Pokemon FireRed Version","Saints Row: The Third","Battlefield 3","Final Fantasy VIII","Gran Turismo 5","Battlefield 3","Final Fantasy IX","Pokemon Emerald Version","Tales of Graces f","MapleStory","Dragon Age: Origins","Pokemon HeartGold Version","Monster Hunter Freedom Unite","Shin Megami Tensei: Persona 4","Street Fighter X Tekken","Mario Kart 7","Xenoblade Chronicles","The Legend of Zelda: Ocarina of Time","Pokemon Platinum Version","Dragon Quest IX: Sentinels of the Starry Skies","Monster Hunter Tri","Fallout 3","Dissidia 012: Duodecim Final Fantasy","Saints Row: The Third","Yu-Gi-Oh! 5D\u0027s World Championship 2011: Over the Nexus","Kingdom Hearts 3D: Dream Drop Distance","Pokemon White Version","Grand Theft Auto: San Andreas","Uncharted 3: Drake\u0027s Deception","Mass Effect 2","NBA 2K12","The Witcher 2: Assassins of Kings","Super Smash Bros. Wii U","Fallout: New Vegas","Red Dead Redemption","NBA 2K12","Shin Megami Tensei: Persona 3 Portable","Metal Gear Solid: Peace Walker","The Legend of Zelda: Ocarina of Time 3D","Assassin\u0027s Creed: Revelations","Plants vs. Zombies","White Knight Chronicles II","Kingdom Hearts: Birth by Sleep","Disgaea 4: A Promise Unforgotten","Call of Duty: Black Ops","Dragon Age: Origins","Shin Megami Tensei: Persona 3 FES","Monster Hunter Portable 3rd","The Sims 3","Tactics Ogre: Let Us Cling Together","Pokemon Diamond Version","Kingdoms of Amalur: Reckoning","Mass Effect","Tales of Vesperia","Pokemon SoulSilver Version","Final Fantasy Type-0","Grand Theft Auto: San Andreas"]],"pageTitle":"The GameFAQs Top 100 - GameFAQs","title":"","url":"http://www.gamefaqs.com/features/topgames/","hasHeader":true,"headerPosition":"FIRST_ROW","tableType":"RELATION","tableNum":0,"s3Link":"","recordEndOffset":0,"recordOffset":0,"tableOrientation":"HORIZONTAL","TableContextTimeStampAfterTable":"{42532\u003d� 2012 CBS Interactive Inc. All rights reserved. | Privacy Policy (UPDATED) | Ad Choice | Terms of Use | Enable GameFAQs Mobile}","lastModified":"","textBeforeTable":"The GameFAQs Top 100 \u0026lt;script language\u003d\u0026quot;JavaScript\u0026quot; type\u003d\u0026quot;text/javascript\u0026quot;\u0026gt; document.write(\u0027\u0026lt;a href\u003d\u0026quot;http://clk.atdmt.com/TGM/go/379272162/direct;pc.571681/01/2012.02.04.02.13.31\u0026quot; target\u003d\u0026quot;_blank\u0026quot;\u0026gt;\u0026lt;img src\u003d\u0026quot;http://view.atdmt.com/TGM/view/379272162/direct;pc.571681/01/2012.02.04.02.13.31\u0026quot;/\u0026gt;\u0026lt;/a\u0026gt;\u0027); \u0026lt;/script\u0026gt;\u0026lt;noscript\u0026gt;\u0026lt;a href\u003d\u0026quot;http://clk.atdmt.com/TGM/go/379272162/direct;pc.571681/01/2012.02.04.02.13.31\u0026quot; target\u003d\u0026quot;_blank\u0026quot;\u0026gt;\u0026lt;img border\u003d\u0026quot;0\u0026quot; src\u003d\u0026quot;http://view.atdmt.com/TGM/view/379272162/direct;pc.571681/01/2012.02.04.02.13.31\u0026quot; /\u0026gt;\u0026lt;/a\u0026gt;\u0026lt;/noscript\u0026gt; ie8 fix } sys.className \u003d sys.className \u003d\u003d \u0027\u0027 ? \u0027js\u0027 : sys.className + \u0027 js\u0027; if (sys.className) { var sys \u003d document.getElementById(\u0027sys\u0027);","textAfterTable":"\u0026lt;script language\u003d\u0026quot;JavaScript\u0026quot; type\u003d\u0026quot;text/javascript\u0026quot;\u0026gt; document.write(\u0027\u0026lt;a href\u003d\u0026quot;http://clk.atdmt.com/TGM/go/379273106/direct;pc.571678/01/2012.02.04.02.13.31\u0026quot; target\u003d\u0026quot;_blank\u0026quot;\u0026gt;\u0026lt;img src\u003d\u0026quot;http://view.atdmt.com/TGM/view/379273106/direct;pc.571678/01/2012.02.04.02.13.31\u0026quot;/\u0026gt;\u0026lt;/a\u0026gt;\u0027); \u0026lt;/script\u0026gt;\u0026lt;noscript\u0026gt;\u0026lt;a href\u003d\u0026quot;http://clk.atdmt.com/TGM/go/379273106/direct;pc.571678/01/2012.02.04.02.13.31\u0026quot; target\u003d\u0026quot;_blank\u0026quot;\u0026gt;\u0026lt;img border\u003d\u0026quot;0\u0026quot; src\u003d\u0026quot;http://view.atdmt.com/TGM/view/379273106/direct;pc.571678/01/2012.02.04.02.13.31\u0026quot; /\u0026gt;\u0026lt;/a\u0026gt;\u0026lt;/noscript\u0026gt; Also on GameFAQs... Help - Answers to the most commonly asked questions about GameFAQs. Answers - Give or get help with other users for your favorite games. Contribute - Contribute your own FAQs, game data, reviews, images, and much more. FAQ Bounty - Write a FAQ for a Most Wanted game, get a gift certificate. Game Companies - A list of all the companies that have developed and published games. Game Credits - A list of all the people and groups credited for all the games we know of. Most Wanted - The Top 100 popular games without full FAQs on GameFAQs. My Games - Build your game collection, track and rate games. Top 100 - The Top 100 most popular games on GameFAQs today. What\u0027s New - New games, FAQs, reviews, and more.","hasKeyColumn":true,"keyColumnIndex":5,"headerRowIndex":0}