{"relation":[["Rank","1","2","3","4","5","6","7","8","9","10","11","12","13","14","15","16","17","18","19","20","21","22","23","24","25","26","27","28","29","30","31","32","33","34","35","36","37","38","39","40","41","42","43","44","45","46","47","48","49","50","51","52","53","54","55","56","57","58","59","60","61","62","63","64","65","66","67","68","69","70","71","72","73","74","75","76","77","78","79","80","81","82","83","84","85","86","87","88","89","90","91","92","93","94","95","96","97","98","99","100"],["Title","2001: A Space Odyssey","The Wizard of Oz","Star Wars","Lawrence of Arabia","E.T. the Extra-Terrestrial","The Searchers","Raiders of the Lost Ark","North by Northwest","The Seven Samurai","The Matrix","The Empire Strikes Back","King Kong","The Bridge on the River Kwai","The Lord of the Rings: The Fellowship of the Ring","Titanic","Toy Story","Back to the Future","The Treasure of the Sierra Madre","The Lord of the Rings: The Return of the King","The Gold Rush","Gladiator","Butch Cassidy and the Sundance Kid","The African Queen","The Lord of the Rings: The Two Towers","Sullivan\u0027s Travels","The Princess Bride","Monty Python and the Holy Grail","Ben-Hur","Jurassic Park","The Adventures of Robin Hood","Crouching Tiger, Hidden Dragon","The Great Escape","Spirited Away","Return of the Jedi","Goldfinger","Aguirre: The Wrath of God","Spartacus","Dances with Wolves","Pinocchio","Red River","Planet of the Apes","Toy Story 2","The Lion King","Superman","Shrek","The Road Warrior","Ghostbusters","Stand by Me","The Magnificent Seven","Deliverance","The Right Stuff","Babe","Finding Nemo","Solaris","Pirates of the Caribbean: The Curse of the Black Pearl","To Have and Have Not","The Incredibles","Austin Powers: International Man of Mystery","The Ten Commandments","Independence Day","Tom Jones","Starship Troopers","Mutiny on the Bounty","The Jungle Book","Indiana Jones and the Last Crusade","The Iron Giant","The Last of the Mohicans","Apollo 13","Zulu","The Fugitive","Out of Africa","Spider-Man","Star Trek: The Wrath of Khan","Stalker","Voyage to the Moon","Dr. No","Raising Arizona","Princess Mononoke","Fitzcarraldo","My Neighbor Totoro","Men in Black","Seven Brides for Seven Brothers","A.I.: Artificial Intelligence","Gallipoli","Mad Max","Monsters, Inc.","Children of Men","Gunga Din","The Outlaw Josey Wales","WALL?E","The Abyss","Three Kings","The Man Who Would be King","Indiana Jones and the Temple of Doom","Harry Potter and the Sorcerer\u0027s Stone","The Thief of Bagdad","Tron","The Thief of Bagdad","Jason and the Argonauts","From Russia with Love"],["Year","1968","1939","1977","1962","1982","1956","1981","1959","1954","1999","1980","1933","1957","2001","1997","1995","1985","1948","2003","1925","2000","1969","1951","2002","1941","1987","1975","1959","1993","1938","2000","1963","2001","1983","1964","1972","1960","1990","1940","1948","1968","1999","1994","1978","2001","1981","1984","1986","1960","1972","1983","1995","2003","1972","2003","1944","2004","1997","1956","1996","1963","1997","1935","1967","1989","1999","1992","1995","1964","1993","1985","2002","1982","1979","1902","1962","1987","1997","1982","1988","1997","1954","2001","1981","1979","2001","2006","1939","1976","2008","1989","1999","1975","1984","2001","1924","1982","1940","1963","1963"],["Director(s)","Stanley Kubrick","Victor Fleming","George Lucas","David Lean","Steven Spielberg","John Ford","Steven Spielberg","Alfred Hitchcock","Akira Kurosawa","Andy and Larry Wachowski","Irvin Kershner","Merian C. Cooper and Ernest B. Schoedsack","David Lean","Peter Jackson","James Cameron","John Lasseter","Robert Zemeckis","John Huston","Peter Jackson","Charles Chaplin","Ridley Scott","George Roy Hill","John Huston","Peter Jackson","Preston Sturges","Rob Reiner","Terry Gilliam and Terry Jones","William Wyler","Steven Spielberg","Michael Curtiz and William Keighley","Ang Lee","John Sturges","Hayao Miyazaki","Richard Marquand","Guy Hamilton","Werner Herzog","Stanley Kubrick","Kevin Costner","Hamilton Luske and Ben Sharpsteen","Howard Hawks","Franklin J. Schaffner","John Lasseter","Roger Allers and Rob Minkoff","Richard Donner","Andrew Adamson and Vicky Jenson","George Miller","Ivan Reitman","Rob Reiner","John Sturges","John Boorman","Philip Kaufman","Chris Noonan","Andrew Stanton","Andrei Tarkovsky","Gore Verbinski","Howard Hawks","Brad Bird","Jay Roach","Cecil B. DeMille","Roland Emmerich","Tony Richardson","Paul Verhoeven","Frank Lloyd","Wolfgang Reitherman","Steven Spielberg","Brad Bird","Michael Mann","Ron Howard","Cy Endfield","Andrew Davis","Sydney Pollack","Sam Raimi","Nicholas Meyer","Andrei Tarkovsky","Georges M?li?s","Terence Young","Joel Coen","Hayao Miyazaki","Werner Herzog","Hayao Miyazaki","Barry Sonnenfeld","Stanley Donen","Steven Spielberg","Peter Weir","George Miller","Pete Docter","Alfonso Cuar?n","George Stevens","Clint Eastwood","Andrew Stanton","James Cameron","David O. Russell","John Huston","Steven Spielberg","Chris Columbus","Raoul Walsh","Steven Lisberger","Ludwig Berger, Michael Powell, and Tim Whelan","Don Chaffey","Terence Young"],["Overall Rank","4","5","8","9","23","28","29","31","32","42","43","47","57","60","63","64","91","92","96","97","113","114","120","123","125","132","133","140","149","153","165","166","174","178","186","188","211","213","217","234","240","268","270","272","284","306","314","315","318","326","371","372","374","377","379","383","385","401","403","431","435","441","447","449","450","463","468","485","491","496","498","501","507","509","517","524","528","537","541","554","562","580","584","598","606","607","609","623","645","650","661","663","665","676","692","694","703","709","715","720"]],"pageTitle":"Phi Phenomenon -- Top Adventure Films (#1-100)","title":"","url":"http://www.phi-phenomenon.org/genre/adventure1.htm","hasHeader":true,"headerPosition":"FIRST_ROW","tableType":"RELATION","tableNum":0,"s3Link":"","recordEndOffset":0,"recordOffset":0,"tableOrientation":"HORIZONTAL","lastModified":"","textBeforeTable":"Top Adventure Films (#1-100)","textAfterTable":"This page was last modified on April 19, 2011","hasKeyColumn":true,"keyColumnIndex":1,"headerRowIndex":0}