{"relation":[["Year","2010","2009","2008","2007","2006","2005","2004","2003","2002","2001","2000","1999","1998","1997","1996","1995","1994","1993","1992","1991","1990","1989"],["Game","Red Dead Redemption","Uncharted 2: Among Thieves","Grand Theft Auto IV","BioShock","The Legend of Zelda: Twilight Princess","Resident Evil 4","Halo 2","Prince of Persia: Sands of Time","Metroid Prime","Halo Combat Evolved","Tony Hawk\u0027s Pro Skater 2","Soul Calibur","The Legend of Zelda: Ocarina of Time","Goldeneye 007","Super Mario 64","Twisted Metal","Donkey Kong Country","Samurai Shodown","Street Fighter II","Sonic the Hedgehog","Strider","Ghouls \u0027n Ghosts"],["Genre","Open World: (Third-Person) Shooter","Action-adventure, Third-person shooter","Open World, Action","Shooter","Action-adventure","Survival Horror: (Third-Person) Shooter","Shooter","Action-adventure","Action-adventure","Shooter","Sports","Fighting","Action-adventure","Shooter","Action-platformer","Action-driving game","Action-platformer","Fighting","Fighting","Action-platformer","Action-adventure","Action-adventure"],["Platform(s)","PlayStation 3, Xbox 360","PlayStation 3","Windows, PlayStation 3, Xbox 360","Windows , Xbox 360, Mac OS X, PlayStation 3","Wii, Nintendo GameCube","GameCube, PlayStation 2, Windows, Wii","Xbox, Windows,","Xbox, GameCube, PlayStation 2, Windows","Nintendo GameCube","Xbox, Windows, Macintosh","PC, Nintendo 64, PlayStation, Dreamcast","Sega Dreamcast","Nintendo 64","Nintendo 64","Nintendo 64","PlayStation","Super Nintendo","Neo-Geo MVS","Super Nintendo","Sega Genesis","Sega Genesis","Sega Genesis"],["Developer(s)","Rockstar San Diego","Naughty Dog","Rockstar North","2K Boston/2K Australia","Nintendo","Capcom","Bungie","Ubisoft Montreal","Nintendo","Bungie","Activision","Namco","Nintendo","Rare","Nintendo","SingleTrac","Rare","SNK","Capcom","Sega","Capcom","Capcom"]],"pageTitle":"","title":"","url":"http://en.wikipedia.org/wiki/Game_of_the_Year","hasHeader":true,"headerPosition":"FIRST_ROW","tableType":"RELATION","tableNum":0,"s3Link":"","recordEndOffset":0,"recordOffset":0,"tableOrientation":"HORIZONTAL","lastModified":"","textBeforeTable":"The winners of the Electronic Gaming Monthly Game of the Year are chosen by Electronic Gaming Monthly editors. [edit] Electronic Gaming Monthly","textAfterTable":"[edit] Eurogamer (UK) The winners of the Eurogamer (UK) Game of the Year are chosen by Eurogamer (UK) editors.[39]","hasKeyColumn":true,"keyColumnIndex":1,"headerRowIndex":0}