{"relation":[["Year","2011","2010","2009","2008","2007","2006","2005","2004","2003","2002","2001","2000","1999"],["Game","The Elder Scrolls V: Skyrim","Red Dead Redemption","Call of Duty: Modern Warfare 2","Fallout 3","Call of Duty 4: Modern Warfare","The Legend of Zelda: Twilight Princess","Civilization IV","Halo 2","Star Wars: Knights of the Old Republic","Metroid Prime","Grand Theft Auto III","Deus Ex","Unreal Tournament"],["Genre","Open World: RPG","Action Adventure","First-person shooter, third-person shooter","RPG","First-person shooter","Action-adventure","Turn-based strategy game, 4X","First-person Shooter","RPG","First-person adventure","Action","Action RPG","First-person shooter"],["Platform(s)","Xbox 360, PlayStation 3, PC","PlayStation 3, Xbox 360","Microsoft Windows, PlayStation 3, Xbox 360","PlayStation 3, PC, Xbox 360","PlayStation 3, Xbox 360, PC","Wii, Nintendo GameCube","Windows, Mac OS X","Windows, Xbox","Xbox, Windows","GameCube","PlayStation 2, Xbox, Windows","PlayStation 2, Windows, Mac OS","Dreamcast, Linux, Mac OS, Mac OS X, PlayStation 2, Windows"],["Developer(s)","Bethesda Softworks","Rockstar Games","Infinity Ward","Bethesda Softworks","Infinity Ward","Nintendo EAD","Firaxis Games","Bungie","BioWare","Retro Studios","DMA Design","Ion Storm Inc.","Epic Games, Digital Extremes"]],"pageTitle":"","title":"","url":"http://en.wikipedia.org/wiki/Game_of_the_Year","hasHeader":true,"headerPosition":"FIRST_ROW","tableType":"RELATION","tableNum":0,"s3Link":"","recordEndOffset":0,"recordOffset":0,"tableOrientation":"HORIZONTAL","lastModified":"","textBeforeTable":"The winners of the GameSpy Game of the Year are chosen by GameSpy editors.[73] [edit] GameSpy","textAfterTable":"[edit] GameTrailers The winners of the GameTrailers Game of the Year are chosen by GameTrailers editors.[74]","hasKeyColumn":true,"keyColumnIndex":1,"headerRowIndex":0}