{"relation":[["Rank","1","2","3","4","5","6","7","8","9","10","11","12","13","14","15","16","17","18","19","20","21","22","23","24","25","26","27","28","29","30","31","32","33","34","35","36","37","38","39","40","41","42","43","44","45","46","47","48","49","50","51","52","53","54","55","56","57","58","59","60","61","62","63","64","65","66","67","68","69","70","71","72","73","74","75","76","77","78","79","80","81","82","83","84","85","86","87","88","89","90","91","92","93","94","95","96","97","98","99","100"],["Title","Singin\u0027 in the Rain","Some Like It Hot","Dr. Strangelove or: How I Learned to Stop Worrying and Love the Bomb","Annie Hall","The Graduate","The General","Bringing Up Baby","Duck Soup","Toy Story","City Lights","It Happened One Night","The Rules of the Game","His Girl Friday","This Is Spinal Tap","Forrest Gump","The Gold Rush","Modern Times","The Philadelphia Story","Sullivan\u0027s Travels","The Apartment","M*A*S*H","Groundhog Day","The Princess Bride","Monty Python and the Holy Grail","La Dolce Vita","Manhattan","The Lady Eve","Life of Brian","A Hard Day\u0027s Night","When Harry Met Sally?","Kind Hearts and Coronets","Top Hat","The Big Lebowski","Airplane!","Am?lie","Withnail \u0026 I","The Producers","Cinema Paradiso","Tootsie","American Graffiti","Breakfast at Tiffany\u0027s","Blazing Saddles","Ninotchka","Shakespeare in Love","To Be or Not to Be","Mary Poppins","A Night at the Opera","Harold and Maude","Young Frankenstein","Sherlock, Jr.","Four Weddings and a Funeral","Toy Story 2","The Lion King","The Sting","Shrek","Rushmore","The Blues Brothers","Ferris Bueller\u0027s Day Off","Pretty Woman","Animal House","Roman Holiday","The Rocky Horror Picture Show","Jerry Maguire","Trouble in Paradise","Mr. Hulot\u0027s Holiday","The Discreet Charm of the Bourgeoisie","Being John Malkovich","Clerks.","Terms of Endearment","The Ladykillers","A Fish Called Wanda","Bull Durham","The Breakfast Club","Hannah and Her Sisters","Adam\u0027s Rib","Evil Dead II","Amarcord","The Full Monty","Who Framed Roger Rabbit","The Great Dictator","Babe","Finding Nemo","The Lady Vanishes","Playtime","The Band Wagon","Secrets \u0026 Lies","Swing Time","42nd Street","Shaun of the Dead","Austin Powers: International Man of Mystery","The Thin Man","Breaking Away","Day for Night","There\u0027s Something about Mary","Fast Times at Ridgemont High","L\u0027?ge d\u0027or","The Bank Dick","Dazed and Confused","Tom Jones","The Palm Beach Story"],["Year","1952","1959","1964","1977","1967","1926","1938","1933","1995","1931","1934","1939","1940","1984","1994","1925","1936","1940","1941","1960","1970","1993","1987","1975","1960","1979","1941","1979","1964","1989","1949","1935","1998","1980","2001","1987","1968","1988","1982","1973","1961","1974","1939","1998","1942","1964","1935","1971","1974","1924","1994","1999","1994","1973","2001","1998","1980","1986","1990","1978","1953","1975","1996","1932","1953","1972","1999","1994","1983","1955","1988","1988","1985","1986","1949","1987","1973","1997","1988","1940","1995","2003","1938","1967","1953","1996","1936","1933","2004","1997","1934","1979","1973","1998","1982","1930","1940","1993","1963","1942"],["Director(s)","Stanley Donen and Gene Kelly","Billy Wilder","Stanley Kubrick","Woody Allen","Mike Nichols","Clyde Bruckman and Buster Keaton","Howard Hawks","Leo McCarey","John Lasseter","Charles Chaplin","Frank Capra","Jean Renoir","Howard Hawks","Rob Reiner","Robert Zemeckis","Charles Chaplin","Charles Chaplin","George Cukor","Preston Sturges","Billy Wilder","Robert Altman","Harold Ramis","Rob Reiner","Terry Gilliam and Terry Jones","Federico Fellini","Woody Allen","Preston Sturges","Terry Jones","Richard Lester","Rob Reiner","Robert Hamer","Mark Sandrich","Joel Coen","Jerry Zucker, Jim Abrahams, and David Zucker","Jean-Pierre Jeunet","Bruce Robinson","Mel Brooks","Giuseppe Tornatore","Sydney Pollack","George Lucas","Blake Edwards","Mel Brooks","Ernst Lubitsch","John Madden","Ernst Lubitsch","Robert Stevenson","Sam Wood","Hal Ashby","Mel Brooks","Buster Keaton","Mike Newell","John Lasseter","Roger Allers and Rob Minkoff","George Roy Hill","Andrew Adamson and Vicky Jenson","Wes Anderson","John Landis","John Hughes","Garry Marshall","John Landis","William Wyler","Jim Sharman","Cameron Crowe","Ernst Lubitsch","Jacques Tati","Luis Bu?uel","Spike Jonze","Kevin Smith","James L. Brooks","Alexander Mackendrick","Charles Crichton","Ron Shelton","John Hughes","Woody Allen","George Cukor","Sam Raimi","Federico Fellini","Peter Cattaneo","Robert Zemeckis","Charles Chaplin","Chris Noonan","Andrew Stanton","Alfred Hitchcock","Jacques Tati","Vincente Minnelli","Mike Leigh","George Stevens","Lloyd Bacon","Edgar Wright","Jay Roach","W.S. Van Dyke","Peter Yates","Fran?ois Truffaut","Bobby and Peter Farrelly","Amy Heckerling","Luis Bu?uel","Edward F. Cline","Richard Linklater","Tony Richardson","Preston Sturges"],["Overall Rank","6","10","12","25","39","45","52","56","64","68","69","70","72","78","93","97","108","109","125","127","128","130","132","133","134","135","138","147","157","167","170","172","173","175","182","183","184","192","197","198","203","224","229","244","248","252","253","256","260","261","267","268","270","281","284","286","293","295","298","299","300","301","304","305","311","312","319","322","330","333","334","344","346","354","358","359","365","366","367","369","372","374","376","378","381","389","392","393","394","401","409","413","414","420","424","428","429","433","435","437"]],"pageTitle":"Phi Phenomenon -- Top Comedies (#1-100)","title":"","url":"http://www.phi-phenomenon.org/genre/comedy1.htm","hasHeader":true,"headerPosition":"FIRST_ROW","tableType":"RELATION","tableNum":0,"s3Link":"","recordEndOffset":0,"recordOffset":0,"tableOrientation":"HORIZONTAL","lastModified":"","textBeforeTable":"Top Comedies (#1-100)","textAfterTable":"This page was last modified on May 11, 2011","hasKeyColumn":true,"keyColumnIndex":1,"headerRowIndex":0}