{"relation":[["Rank","1","2","3","4","5","6","7","8","9","10","11","12","13","14","15","16","17","18","19","20","21","22","23","24","25","26","27","28","29","30","31","32","33","34","35","36","37","38","39","40","41","42","43","44","45","46","47","48","49","50","51","52","53","54","55","56","57","58","59","60","61","62","63","64","65","66","67","68","69","70","71","72","73","74","75","76","77","78","79","80","81","82","83","84","85","86","87","88","89","90","91","92","93","94","95","96","97","98","99","100"],["Title","The Godfather","Citizen Kane","Casablanca","Lawrence of Arabia","Dr. Strangelove or: How I Learned to Stop Worrying and Love the Bomb","Apocalypse Now","The Godfather: Part II","Pulp Fiction","It\u0027s a Wonderful Life","Gone with the Wind","Raging Bull","Taxi Driver","Chinatown","Blade Runner","Schindler\u0027s List","E.T. the Extra-Terrestrial","Annie Hall","Goodfellas","The Searchers","North by Northwest","The Seven Samurai","Sunset Blvd.","One Flew over the Cuckoo\u0027s Nest","A Clockwork Orange","All about Eve","The Graduate","On the Waterfront","The Shawshank Redemption","Bonnie and Clyde","Fargo","Saving Private Ryan","The Bridge on the River Kwai","High Noon","The Lord of the Rings: The Fellowship of the Ring","The Night of the Hunter","To Kill a Mockingbird","Titanic","The Bicycle Thief","City Lights","The Rules of the Game","The 400 Blows","His Girl Friday","Unforgiven","The Battleship Potemkin","Brazil","The Sound of Music","8 1/2","Breathless","L.A. Confidential","Fight Club","Rash?mon","The Deer Hunter","Nashville","The Shining","West Side Story","The Grand Illusion","The Treasure of the Sierra Madre","Forrest Gump","The Lord of the Rings: The Return of the King","Sunrise","Do the Right Thing","Rocky","The Grapes of Wrath","Close Encounters of the Third Kind","Modern Times","Tokyo Story","American Beauty","Seven","Gladiator","Rebel without a Cause","Braveheart","Trainspotting","The Seventh Seal","The African Queen","Platoon","The Lord of the Rings: The Two Towers","The Manchurian Candidate","Sullivan\u0027s Travels","The Best Years of Our Lives","The Apartment","M*A*S*H","Children of Paradise","Groundhog Day","La Dolce Vita","Manhattan","Memento","Frankenstein","Ben-Hur","Amadeus","Midnight Cowboy","Cabaret","A Streetcar Named Desire","All Quiet on the Western Front","Brief Encounter","Heat","Paths of Glory","12 Angry Men","The Conversation","Mr. Smith Goes to Washington","Persona"],["Year","1972","1941","1942","1962","1964","1979","1974","1994","1946","1939","1980","1976","1974","1982","1993","1982","1977","1990","1956","1959","1954","1950","1975","1971","1950","1967","1954","1994","1967","1996","1998","1957","1952","2001","1955","1962","1997","1948","1931","1939","1959","1940","1992","1925","1985","1965","1963","1960","1997","1999","1950","1978","1975","1980","1961","1937","1948","1994","2003","1927","1989","1976","1940","1977","1936","1953","1999","1995","2000","1955","1995","1996","1957","1951","1986","2002","1962","1941","1946","1960","1970","1945","1993","1960","1979","2000","1931","1959","1984","1969","1972","1951","1930","1945","1995","1957","1957","1974","1939","1966"],["Director(s)","Francis Ford Coppola","Orson Welles","Michael Curtiz","David Lean","Stanley Kubrick","Francis Ford Coppola","Francis Ford Coppola","Quentin Tarantino","Frank Capra","Victor Fleming","Martin Scorsese","Martin Scorsese","Roman Polanski","Ridley Scott","Steven Spielberg","Steven Spielberg","Woody Allen","Martin Scorsese","John Ford","Alfred Hitchcock","Akira Kurosawa","Billy Wilder","Milos Forman","Stanley Kubrick","Joseph L. Mankiewicz","Mike Nichols","Elia Kazan","Frank Darabont","Arthur Penn","Joel Coen","Steven Spielberg","David Lean","Fred Zinnemann","Peter Jackson","Charles Laughton","Robert Mulligan","James Cameron","Vittorio De Sica","Charles Chaplin","Jean Renoir","Fran?ois Truffaut","Howard Hawks","Clint Eastwood","Sergei M. Eisenstein","Terry Gilliam","Robert Wise","Federico Fellini","Jean-Luc Godard","Curtis Hanson","David Fincher","Akira Kurosawa","Michael Cimino","Robert Altman","Stanley Kubrick","Jerome Robbins and Robert Wise","Jean Renoir","John Huston","Robert Zemeckis","Peter Jackson","F.W. Murnau","Spike Lee","John G. Avildsen","John Ford","Steven Spielberg","Charles Chaplin","Yasujiro Ozu","Sam Mendes","David Fincher","Ridley Scott","Nicholas Ray","Mel Gibson","Danny Boyle","Ingmar Bergman","John Huston","Oliver Stone","Peter Jackson","John Frankenheimer","Preston Sturges","William Wyler","Billy Wilder","Robert Altman","Marcel Carn?","Harold Ramis","Federico Fellini","Woody Allen","Christopher Nolan","James Whale","William Wyler","Milos Forman","John Schlesinger","Bob Fosse","Elia Kazan","Lewis Milestone","David Lean","Michael Mann","Stanley Kubrick","Sidney Lumet","Francis Ford Coppola","Frank Capra","Ingmar Bergman"],["Overall Rank","1","2","3","9","12","13","14","15","16","17","18","19","20","21","22","23","25","26","28","31","32","33","35","36","37","39","40","46","48","49","50","57","58","60","61","62","63","67","68","70","71","72","73","74","77","79","80","81","82","83","84","85","86","87","88","90","92","93","96","99","100","101","102","103","108","110","111","112","113","115","116","117","119","120","122","123","124","125","126","127","128","129","130","134","135","136","137","140","141","142","144","145","146","148","150","152","154","155","156","158"]],"pageTitle":"Phi Phenomenon -- Top Dramas (#1-100)","title":"","url":"http://www.phi-phenomenon.org/genre/drama1.htm","hasHeader":true,"headerPosition":"FIRST_ROW","tableType":"RELATION","tableNum":0,"s3Link":"","recordEndOffset":0,"recordOffset":0,"tableOrientation":"HORIZONTAL","lastModified":"","textBeforeTable":"Top Dramas (#1-100)","textAfterTable":"This page was last modified on May 15, 2011","hasKeyColumn":true,"keyColumnIndex":1,"headerRowIndex":0}