{"relation":[["Fans\u0027 Rank","201","202","203","204","205","206","207","208","209","210","211","212","213","214","215","216","217","218","219","220","221","222","223","224","225","226","227","228","229","230","231","232","233","234","235","236","237","238","239","240","241","242","243","244","245","246","247","248","249","250","251","252","253","254","255","256","257","258","259","260","261","262","263","264","265","266","267","268","269","270","271","272","273","274","275","276","277","278","279","280","281","282","283","284","285","286","287","288","289","290","291","292","293","294","295","296","297","298","299","300"],["Title","The Grand Illusion","Eternal Sunshine of the Spotless Mind","Cinema Paradiso","American Graffiti","Traffic","His Girl Friday","The Breakfast Club","Aguirre: The Wrath of God","Dead Poets Society","Rosemary\u0027s Baby","The Thin Red Line","Blazing Saddles","Wild Strawberries","Deliverance","Animal House","The Gold Rush","The Thing","Toy Story 2","Nosferatu","The Lion King","Apollo 13","All the President\u0027s Men","M*A*S*H","Kill Bill: Vol. 2","Miller\u0027s Crossing","Eyes Wide Shut","As Good as It Gets","True Romance","Night of the Living Dead","Sunrise","All Quiet on the Western Front","O Brother, Where Art Thou?","Shrek","Snatch.","When Harry Met Sally?","The Hustler","The Blues Brothers","Rushmore","A Christmas Story","Goldfinger","Barry Lyndon","From Here to Eternity","Three Colors: Red","Dawn of the Dead","Shakespeare in Love","The Last Picture Show","Nashville","Doctor Zhivago","Tokyo Story","Dirty Harry","Chasing Amy","Jackie Brown","Tootsie","Yojimbo","Snow White and the Seven Dwarfs","The Godfather: Part III","Lock, Stock and Two Smoking Barrels","The Producers","Who Framed Roger Rabbit","Spirited Away","Natural Born Killers","The Road Warrior","Ikiru","Wings of Desire","Spider-Man","The Royal Tenenbaums","Gandhi","Easy Rider","Bride of Frankenstein","A Hard Day\u0027s Night","Who\u0027s Afraid of Virginia Woolf?","Stagecoach","Sling Blade","Blow-Up","Dumb \u0026 Dumber","Frankenstein","Children of Paradise","The Adventures of Robin Hood","My Fair Lady","Badlands","Lost in Translation","Being There","Office Space","Breakfast at Tiffany\u0027s","La Strada","Andrei Rublev","The Pianist","Willy Wonka \u0026 the Chocolate Factory","The Player","The English Patient","L\u0027Avventura","A Few Good Men","Hannah and Her Sisters","Jerry Maguire","Indiana Jones and the Temple of Doom","The Insider","Minority Report","The Texas Chain Saw Massacre","Grease","Superman"],["Year","1937","2004","1988","1973","2000","1940","1985","1972","1989","1968","1998","1974","1957","1972","1978","1925","1982","1999","1922","1994","1995","1976","1970","2004","1990","1999","1997","1993","1968","1927","1930","2000","2001","2000","1989","1961","1980","1998","1983","1964","1975","1953","1994","1978","1998","1971","1975","1965","1953","1971","1997","1997","1982","1961","1937","1990","1998","1968","1988","2001","1994","1981","1952","1987","2002","2001","1982","1969","1935","1964","1966","1939","1996","1966","1994","1931","1945","1938","1964","1973","2003","1979","1999","1961","1954","1966","2002","1971","1992","1996","1960","1992","1986","1996","1984","1999","2002","1974","1978","1978"],["Director(s)","Jean Renoir","Michel Gondry","Giuseppe Tornatore","George Lucas","Steven Soderbergh","Howard Hawks","John Hughes","Werner Herzog","Peter Weir","Roman Polanski","Terrence Malick","Mel Brooks","Ingmar Bergman","John Boorman","John Landis","Charles Chaplin","John Carpenter","John Lasseter","F.W. Murnau","Roger Allers and Rob Minkoff","Ron Howard","Alan J. Pakula","Robert Altman","Quentin Tarantino","Joel Coen","Stanley Kubrick","James L. Brooks","Tony Scott","George A. Romero","F.W. Murnau","Lewis Milestone","Joel Coen","Andrew Adamson and Vicky Jenson","Guy Ritchie","Rob Reiner","Robert Rossen","John Landis","Wes Anderson","Bob Clark","Guy Hamilton","Stanley Kubrick","Fred Zinnemann","Krzysztof Kieslowski","George A. Romero","John Madden","Peter Bogdanovich","Robert Altman","David Lean","Yasujiro Ozu","Don Siegel","Kevin Smith","Quentin Tarantino","Sydney Pollack","Akira Kurosawa","David Hand","Francis Ford Coppola","Guy Ritchie","Mel Brooks","Robert Zemeckis","Hayao Miyazaki","Oliver Stone","George Miller","Akira Kurosawa","Wim Wenders","Sam Raimi","Wes Anderson","Richard Attenborough","Dennis Hopper","James Whale","Richard Lester","Mike Nichols","John Ford","Billy Bob Thornton","Michelangelo Antonioni","Peter Farrelly","James Whale","Marcel Carn?","Michael Curtiz and William Keighley","George Cukor","Terrence Malick","Sofia Coppola","Hal Ashby","Mike Judge","Blake Edwards","Federico Fellini","Andrei Tarkovsky","Roman Polanski","Mel Stuart","Robert Altman","Anthony Minghella","Michelangelo Antonioni","Rob Reiner","Woody Allen","Cameron Crowe","Steven Spielberg","Michael Mann","Steven Spielberg","Tobe Hooper","Randal Kleiser","Richard Donner"],["Overall Rank","90","176","192","198","713","72","346","188","384","193","357","224","208","326","299","97","210","268","105","270","485","277","128","701","460","853","635","430","139","99","146","776","284","1088","167","222","293","286","642","186","355","220","232","216","244","325","86","191","110","255","1430","927","197","342","89","432","740","184","367","174","759","306","331","195","501","516","251","160","121","157","476","106","826","266","1311","137","129","153","164","249","254","459","774","203","243","236","470","348","492","231","196","1183","354","304","676","647","796","233","187","272"]],"pageTitle":"Phi Phenomenon -- Top Films According to Fans (#201-300)","title":"","url":"http://www.phi-phenomenon.org/amateur/rank3.htm","hasHeader":true,"headerPosition":"FIRST_ROW","tableType":"RELATION","tableNum":0,"s3Link":"","recordEndOffset":0,"recordOffset":0,"tableOrientation":"HORIZONTAL","lastModified":"","textBeforeTable":"Top Film According to Regular Film Fans (#201-300)","textAfterTable":"This page was last modified on March 29, 2011","hasKeyColumn":true,"keyColumnIndex":1,"headerRowIndex":0}