{"relation":[["Title","Super Mario 64","Mario Kart 64","Legend of Zelda: Ocarina of TimeThe Legend of Zelda: Ocarina of Time","Star Fox 64","F-Zero X","Paper Mario","Wave Race 64","Yoshi\u0027s Story","Sin and Punishment","Pok?mon Snap","1080? Snowboarding","Kirby 64: The Crystal Shards","Cruis\u0027n USA","Pok?mon Puzzle League","Mario Golf","Legend of Zelda: Majora\u0027s MaskThe Legend of Zelda: Majora\u0027s Mask","Super Smash Bros.","Ogre Battle 64: Person of Lordly Caliber","Mario Tennis","Mario Party 2","Bomberman Hero"],["Developer(s)","Nintendo","Nintendo","Nintendo","Nintendo","Nintendo","Intelligent Systems","Nintendo","Nintendo","Treasure","HAL Laboratory, Pax Softnica","Nintendo","HAL Laboratory","Midway Games","Nintendo Software Technology, Intelligent Systems","Camelot Software","Nintendo EAD","HAL Laboratory","Quest, Dual Corporation","Camelot Software","Hudson Soft","Hudson Soft"],["Publisher(s)","Nintendo","Nintendo","Nintendo","Nintendo","Nintendo","Nintendo","Nintendo","Nintendo","Nintendo","Nintendo","Nintendo","Nintendo","Nintendo","Nintendo","Nintendo","Nintendo","Nintendo","Square Enix","Nintendo","Nintendo","Hudson Soft"],["Release Date","02006-11-19 November 19, 2006","02007-01-29 January 29, 2007","02007-02-26 February 26, 2007","02007-04-02 April 2, 2007","02007-06-25 June 25, 2007","02007-07-16 July 16, 2007","02007-08-06 August 6, 2007","02007-09-17 September 17, 2007","02007-10-01 October 1, 2007","02007-12-10 December 10, 2007","02008-01-28 January 28, 2008","02008-02-25 February 25, 2008","02008-03-31 March 31, 2008","02008-05-05 May 5, 2008","02008-10-06 October 6, 2008","02009-05-18 May 18, 2009","02009-12-21 December 21, 2009","02010-03-29 March 29, 2010","02010-06-28 June 28, 2010","02010-12-20 December 20, 2010","02011-03-07 March 7, 2011"],["ESRB","E","E","E","E","E","E","E","E","T","E","E","E","E","E","E","E","E","T","E","E","E"]],"pageTitle":"List of Virtual Console games (North America) - Wikipedia, the free encyclopedia","title":"","url":"http://en.wikipedia.org/wiki/List_of_Virtual_Console_games_(North_America)","hasHeader":true,"headerPosition":"FIRST_ROW","tableType":"RELATION","tableNum":3,"s3Link":"","recordEndOffset":0,"recordOffset":0,"tableOrientation":"HORIZONTAL","TableContextTimeStampAfterTable":"{159036\u003dThere are currently 29 titles available from the Neo Geo, which was launched in 1990., 96989\u003dThere are currently 72 titles available from the Sega Genesis, which was launched in 1989., 89005\u003dThere are currently 15 titles available from the Sega Master System, which was launched in 1986., 3448\u003dThere are currently 92 titles available from the Nintendo Entertainment System, which was launched in 1985., 130119\u003dThere are currently 63 titles available from the TurboGrafx-16, which was launched in 1989., 78440\u003dThere are currently 21 titles available from the Nintendo 64, which was launched in 1996., 173420\u003dThere are currently 9 titles available from the Commodore 64, which was launched in 1982., 44842\u003dThere are currently 72 titles available from the Super Nintendo Entertainment System, which was launched in 1991.}","lastModified":"","textBeforeTable":"There are currently 92 titles available from the Nintendo Entertainment System, which was launched in 1985. [edit] Nintendo Entertainment System The following is a list of the 392 games available on the Virtual Console for the Wii in North America, sorted by system and in the order they were added in the Wii Shop Channel. To sort by other columns, click the corresponding icon in the header row. [edit] Available titles 4 References 3 See also 2 Future releases 1.9 Virtual Console Arcade 1.8 Commodore 64 1.7 Neo Geo 1.6 TurboGrafx-16/TurboGrafx-CD 1.5 Sega Genesis 1.4 Sega Master System 1.3 Nintendo 64 1.2 Super Nintendo Entertainment System 1.1 Nintendo Entertainment System 1 Available titles Contents searchnavigation , Jump to:","textAfterTable":"Excitebike Nintendo Nintendo 02007-03-19 March 19, 2007 E Teenage Mutant Ninja Turtles Konami Konami 02007-04-02 April 2, 2007 E Galaga Namco Namco Bandai 02007-04-09 April 9, 2007 E Punch-Out!! Featuring Mr. Dream Nintendo Nintendo 02007-04-16 April 16, 2007 E Castlevania Konami Konami 02007-04-30 April 30, 2007 E Mighty Bomb Jack Tecmo Tecmo 02007-05-07 May 7, 2007 E Ninja Gaiden Tecmo Tecmo 02007-05-14 May 14, 2007 E Pac-Man Namco Namco Bandai 02007-05-14 May 14, 2007 E Milon\u0027s Secret Castle Hudson Soft Hudson Soft 02007-06-04 June 4, 2007 E Zelda II: The Adventure of Link Nintendo Nintendo 02007-06-04 June 4, 2007 E Lode Runner Douglas Smith","hasKeyColumn":true,"keyColumnIndex":0,"headerRowIndex":0}