{"relation":[["Fans\u0027 Rank","1","2","3","4","5","6","7","8","9","10","11","12","13","14","15","16","17","18","19","20","21","22","23","24","25","26","27","28","29","30","31","32","33","34","35","36","37","38","39","40","41","42","43","44","45","46","47","48","49","50","51","52","53","54","55","56","57","58","59","60","61","62","63","64","65","66","67","68","69","70","71","72","73","74","75","76","77","78","79","80","81","82","83","84","85","86","87","88","89","90","91","92","93","94","95","96","97","98","99","100"],["Title","The Godfather","Pulp Fiction","Citizen Kane","The Godfather: Part II","Star Wars","Goodfellas","Casablanca","Taxi Driver","2001: A Space Odyssey","Apocalypse Now","Schindler\u0027s List","Dr. Strangelove or: How I Learned to Stop Worrying and Love the Bomb","The Shawshank Redemption","Psycho","The Empire Strikes Back","Raiders of the Lost Ark","The Silence of the Lambs","One Flew over the Cuckoo\u0027s Nest","A Clockwork Orange","Jaws","Rear Window","Vertigo","Chinatown","Raging Bull","American Beauty","Fargo","It\u0027s a Wonderful Life","Saving Private Ryan","The Usual Suspects","Blade Runner","North by Northwest","Reservoir Dogs","The Wizard of Oz","The Matrix","Lawrence of Arabia","Fight Club","Forrest Gump","The Shining","Annie Hall","The Seven Samurai","Alien","Seven","The Graduate","The Lord of the Rings: The Fellowship of the Ring","Braveheart","Gone with the Wind","Aliens","Singin\u0027 in the Rain","The Third Man","Sunset Blvd.","On the Waterfront","L.A. Confidential","Full Metal Jacket","E.T. the Extra-Terrestrial","The Good, the Bad and the Ugly","Some Like It Hot","The Maltese Falcon","Return of the Jedi","Memento","Back to the Future","Die Hard","Monty Python and the Holy Grail","Terminator 2: Judgment Day","To Kill a Mockingbird","The Bridge on the River Kwai","Amadeus","Platoon","Unforgiven","The Deer Hunter","The Exorcist","Brazil","Gladiator","The Terminator","The Lord of the Rings: The Two Towers","Touch of Evil","12 Angry Men","Double Indemnity","The Lord of the Rings: The Return of the King","Magnolia","The Searchers","All about Eve","Titanic","Close Encounters of the Third Kind","The Sixth Sense","Heat","Once Upon a Time in the West","Bonnie and Clyde","Scarface","8 1/2","Blue Velvet","Toy Story","The Manchurian Candidate","The Wild Bunch","Jurassic Park","JFK","The Princess Bride","Rocky","Butch Cassidy and the Sundance Kid","Midnight Cowboy","The Big Lebowski"],["Year","1972","1994","1941","1974","1977","1990","1942","1976","1968","1979","1993","1964","1994","1960","1980","1981","1991","1975","1971","1975","1954","1958","1974","1980","1999","1996","1946","1998","1995","1982","1959","1992","1939","1999","1962","1999","1994","1980","1977","1954","1979","1995","1967","2001","1995","1939","1986","1952","1949","1950","1954","1997","1987","1982","1966","1959","1941","1983","2000","1985","1988","1975","1991","1962","1957","1984","1986","1992","1978","1973","1985","2000","1984","2002","1958","1957","1944","2003","1999","1956","1950","1997","1977","1999","1995","1968","1967","1983","1963","1986","1995","1962","1969","1993","1991","1987","1976","1969","1969","1998"],["Director(s)","Francis Ford Coppola","Quentin Tarantino","Orson Welles","Francis Ford Coppola","George Lucas","Martin Scorsese","Michael Curtiz","Martin Scorsese","Stanley Kubrick","Francis Ford Coppola","Steven Spielberg","Stanley Kubrick","Frank Darabont","Alfred Hitchcock","Irvin Kershner","Steven Spielberg","Jonathan Demme","Milos Forman","Stanley Kubrick","Steven Spielberg","Alfred Hitchcock","Alfred Hitchcock","Roman Polanski","Martin Scorsese","Sam Mendes","Joel Coen","Frank Capra","Steven Spielberg","Bryan Singer","Ridley Scott","Alfred Hitchcock","Quentin Tarantino","Victor Fleming","Andy and Larry Wachowski","David Lean","David Fincher","Robert Zemeckis","Stanley Kubrick","Woody Allen","Akira Kurosawa","Ridley Scott","David Fincher","Mike Nichols","Peter Jackson","Mel Gibson","Victor Fleming","James Cameron","Stanley Donen and Gene Kelly","Carol Reed","Billy Wilder","Elia Kazan","Curtis Hanson","Stanley Kubrick","Steven Spielberg","Sergio Leone","Billy Wilder","John Huston","Richard Marquand","Christopher Nolan","Robert Zemeckis","John McTiernan","Terry Gilliam and Terry Jones","James Cameron","Robert Mulligan","David Lean","Milos Forman","Oliver Stone","Clint Eastwood","Michael Cimino","William Friedkin","Terry Gilliam","Ridley Scott","James Cameron","Peter Jackson","Orson Welles","Sidney Lumet","Billy Wilder","Peter Jackson","Paul Thomas Anderson","John Ford","Joseph L. Mankiewicz","James Cameron","Steven Spielberg","M. Night Shyamalan","Michael Mann","Sergio Leone","Arthur Penn","Brian De Palma","Federico Fellini","David Lynch","John Lasseter","John Frankenheimer","Sam Peckinpah","Steven Spielberg","Oliver Stone","Rob Reiner","John G. Avildsen","George Roy Hill","John Schlesinger","Joel Coen"],["Overall Rank","1","15","2","14","8","26","3","19","4","13","22","12","46","7","43","29","30","35","36","24","34","11","20","18","111","49","16","50","55","21","31","66","5","42","9","83","93","87","25","32","38","112","39","60","116","17","65","6","27","33","40","82","275","23","118","10","44","178","136","91","94","133","98","62","57","141","122","73","85","76","77","113","95","123","54","154","41","96","202","28","37","63","103","171","150","107","48","239","80","59","64","124","51","149","423","132","101","114","142","173"]],"pageTitle":"Phi Phenomenon -- Top Films According to Fans (#1-100)","title":"","url":"http://www.phi-phenomenon.org/amateur/rank1.htm","hasHeader":true,"headerPosition":"FIRST_ROW","tableType":"RELATION","tableNum":0,"s3Link":"","recordEndOffset":0,"recordOffset":0,"tableOrientation":"HORIZONTAL","lastModified":"","textBeforeTable":"Top Films According to Regular Film Fans (#1-100)","textAfterTable":"This page was last modified on March 29, 2011","hasKeyColumn":true,"keyColumnIndex":1,"headerRowIndex":0}