{"relation":[["Fans\u0027 Rank","359","331","340","334","508","7","172","454","484","510","251","511","277","23","239","460","203","3","106","183","138","19","83","441","353","479","154","148","462","344","108","371","446","120","310","244","304","381","397","455","360","209","452","69","214","474","61","250","345","107","248","135","385","200","425","195","477","77","12","105","275","54","268","144","196","450","149","15","290","388","325","202","302","348","70","226","332","330","185","26","365","152","292","186","409","36","370","333","423","457","472","37","276","468","189","503","242","182","53"],["Title","Cabaret","The Cabinet of Dr. Caligari","Caddyshack","Carlito\u0027s Way","Carrie","Casablanca","Casino","Cast Away","Charade","Chariots of Fire","Chasing Amy","Chicago","Children of Paradise","Chinatown","A Christmas Story","Chungking Express","Cinema Paradiso","Citizen Kane","City Lights","City of God","Clerks.","A Clockwork Orange","Close Encounters of the Third Kind","The Color Purple","Contact","Contempt","The Conversation","Cool Hand Luke","Cries and Whispers","Crimes and Misdemeanors","Crouching Tiger, Hidden Dragon","The Crying Game","Dancer in the Dark","Dances with Wolves","Dark City","Dawn of the Dead","The Day the Earth Stood Still","Days of Heaven","Dazed and Confused","Dead Man","Dead Man Walking","Dead Poets Society","The Decalogue","The Deer Hunter","Deliverance","Diabolique","Die Hard","Dirty Harry","The Discreet Charm of the Bourgeoisie","Do the Right Thing","Doctor Zhivago","Dog Day Afternoon","Dogma","La Dolce Vita","Donnie Brasco","Donnie Darko","Don\u0027t Look Now","Double Indemnity","Dr. Strangelove or: How I Learned to Stop Worrying and Love the Bomb","Duck Soup","Dumb \u0026 Dumber","E.T. the Extra-Terrestrial","Easy Rider","Ed Wood","Edward Scissorhands","Election","The Elephant Man","The Empire Strikes Back","The English Patient","Enter the Dragon","Eraserhead","Eternal Sunshine of the Spotless Mind","Evil Dead II","The Evil Dead","The Exorcist","Eyes Wide Shut","Face/Off","Fanny and Alexander","Fantasia","Fargo","Fear and Loathing in Las Vegas","Ferris Bueller\u0027s Day Off","A Few Good Men","Field of Dreams","The Fifth Element","Fight Club","Finding Nemo","A Fish Called Wanda","A Fistful of Dollars","Five Easy Pieces","For a Few Dollars More","Forrest Gump","Frankenstein","Freaks","The French Connection","From Dusk Till Dawn","From Here to Eternity","The Fugitive","Full Metal Jacket"],["Year","1972","1920","1980","1993","1976","1942","1995","2000","1963","1981","1997","2002","1945","1974","1983","1994","1988","1941","1931","2002","1994","1971","1977","1985","1997","1963","1974","1967","1972","1989","2000","1992","2000","1990","1998","1978","1951","1978","1993","1995","1995","1989","1989","1978","1972","1955","1988","1971","1972","1989","1965","1975","1999","1960","1997","2001","1973","1944","1964","1933","1994","1982","1969","1994","1990","1999","1980","1980","1996","1973","1976","2004","1987","1981","1973","1999","1997","1982","1940","1996","1998","1986","1992","1989","1997","1999","2003","1988","1964","1970","1965","1994","1931","1932","1971","1996","1953","1993","1987"],["Director(s)","Bob Fosse","Robert Wiene","Harold Ramis","Brian De Palma","Brian De Palma","Michael Curtiz","Martin Scorsese","Robert Zemeckis","Stanley Donen","Hugh Hudson","Kevin Smith","Rob Marshall","Marcel Carn?","Roman Polanski","Bob Clark","Kar Wai Wong","Giuseppe Tornatore","Orson Welles","Charles Chaplin","Fernando Meirelles","Kevin Smith","Stanley Kubrick","Steven Spielberg","Steven Spielberg","Robert Zemeckis","Jean-Luc Godard","Francis Ford Coppola","Stuart Rosenberg","Ingmar Bergman","Woody Allen","Ang Lee","Neil Jordan","Lars von Trier","Kevin Costner","Alex Proyas","George A. Romero","Robert Wise","Terrence Malick","Richard Linklater","Jim Jarmusch","Tim Robbins","Peter Weir","Krzysztof Kieslowski","Michael Cimino","John Boorman","Henri-Georges Clouzot","John McTiernan","Don Siegel","Luis Bu?uel","Spike Lee","David Lean","Sidney Lumet","Kevin Smith","Federico Fellini","Mike Newell","Richard Kelly","Nicolas Roeg","Billy Wilder","Stanley Kubrick","Leo McCarey","Peter Farrelly","Steven Spielberg","Dennis Hopper","Tim Burton","Tim Burton","Alexander Payne","David Lynch","Irvin Kershner","Anthony Minghella","Robert Clouse","David Lynch","Michel Gondry","Sam Raimi","Sam Raimi","William Friedkin","Stanley Kubrick","John Woo","Ingmar Bergman","James Algar, Samuel Armstrong, Ford Beebe, Norman Ferguson, Jim Handley, T. Hee, Wilfred Jackson, Hamilton Luske, Bill Roberts, and Paul Satterfield","Joel Coen","Terry Gilliam","John Hughes","Rob Reiner","Phil Alden Robinson","Luc Besson","David Fincher","Andrew Stanton","Charles Crichton","Sergio Leone","Bob Rafelson","Sergio Leone","Robert Zemeckis","James Whale","Tod Browning","William Friedkin","Robert Rodriguez","Fred Zinnemann","Andrew Davis","Stanley Kubrick"],["Overall Rank","144","223","467","1351","269","3","488","1119","638","320","1430","624","129","20","642","579","192","2","68","227","322","36","103","630","775","422","155","336","443","503","165","547","780","213","868","216","214","297","433","732","757","384","396","85","326","294","94","255","312","100","191","285","2059","134","869","212","162","41","12","56","1311","23","160","497","287","545","421","43","231","490","280","176","359","404","76","853","602","276","199","49","1720","295","1183","245","549","83","374","334","653","352","1533","93","137","289","151","1222","220","496","275"]],"pageTitle":"Phi Phenomenon -- Top Films According to Fans (C-F)","title":"","url":"http://www.phi-phenomenon.org/amateur/alpha2.htm","hasHeader":true,"headerPosition":"FIRST_ROW","tableType":"RELATION","tableNum":0,"s3Link":"","recordEndOffset":0,"recordOffset":0,"tableOrientation":"HORIZONTAL","lastModified":"","textBeforeTable":"Top Films According to Regular Film Fans (C-F)","textAfterTable":"This page was last modified on June 29, 2011","hasKeyColumn":true,"keyColumnIndex":1,"headerRowIndex":0}