{"relation":[["#","1","2","3","4","5","6","7","8","9","10","11","12","13","14","15","16","17","18","19","20","21","22","23","24","25","26","27","28","29","30","31","32","33","34","35","36","37","38","39","40","41","42","43","44","45","46","47","48","49","50","51","52","53","54","55","56","57","58","59","60","61","62","63","64","65","66","67","68","69","70","71","72","73","74","75","76","77","78","79","80","81","82","83","84","85","86","87","88","89","90","91","92","93","94","95","96","97","98","99","100"],["Citations","1780","1732","1080","1053","948","794","653","593","511","490","416","409","376","361","358","315","312","311","310","302","300","254","253","241","232","202","202","192","188","185","185","181","177","172","166","166","165","165","164","162","155","153","146","143","142","134","132","130","129","129","128","123","123","122","122","121","117","117","112","110","109","108","107","106","105","105","105","104","103","102","100","98","96","93","93","92","91","90","89","89","87","87","85","85","85","84","84","82","82","81","80","79","78","78","77","77","76","75","75","74"],["Journal","Science","Nature","Proceedings of the National Academy of Sciences of the United States of America","royal gazette","New England Journal of Medicine","The Astrophysical Journal","The Journal of Biological Chemistry","The Lancet","Journal of the American Medical Association","British Medical Journal","Zootaxa","Bulletins of American Paleontology","Icarus, International Journal of Solar System Studies","Cell","Journal of the American Chemical Society","The Astronomical Journal","Molecular and Cellular Biology","Nucleic Acids Research","","Annals of Internal Medicine","Astronomy \u0026 Astrophysics","Tissue Antigens","Pediatrics","The Cochrane Database of Systematic Reviews","Neurology","The American Journal of Psychiatry","Physical Review Letters","International Journal of Systematic and Evolutionary Microbiology","The Journal of Virology","The American Journal of Clinical Nutrition","The New York Times","Monthly Notices of the Royal Astronomical Society","Clinical Infectious Diseases","Australian Systematic Botany","hm magazine","The American Journal of Human Genetics","The Journal of Bacteriology","The EMBO Journal","Blood","Journal of Molecular Biology","Nature Genetics","Circulation","The Journal of Vertebrate Paleontology","Archives of Internal Medicine","white dwarf","The Journal of Neuroscience","Copeia","The Journal of Immunology","The Journal of Clinical Investigation","Current Biology","Biochimica et Biophysica Acta","American Family Physician","The Journal of Nutrition","Gastroenterology","Biochemistry","The Journal of Clinical Psychiatry","Environmental Health Perspectives","Biochemical and Biophysical Research Communications","The Journal of Infectious Diseases","The American Journal of Gastroenterology","Angewandte Chemie International Edition","Physical Review","The Medical Journal of Australia","American Journal of Botany","Gut","Biochemical Journal","Journal of Geophysical Research","rolling stone","American Journal of Medicine","Human Immunology","Scientific American","The Journal of Pharmacology And Experimental Therapeutics","Journal of Clinical Microbiology","Molecular Phylogenetics and Evolution","Genes \u0026 Development","FEBS Letters","Antimicrobial Agents and Chemotherapy","time","Journal of Organic Chemistry","Applied and Environmental Microbiology","Nature Medicine","Cancer Research","Geology","Chest","The Journal of Clinical Endocrinology \u0026 Metabolism","Biological Psychiatry","RNA","Molecular Biology and Evolution","Neuron","Journal of Paleontology","doctor who magazine","Annals of Neurology","Journal of the American Veterinary Medical Association","New Scientist","The Journal of Experimental Medicine","Journal of the National Cancer Institute","berichte der deutschen chemischen gesellschaft","The Washington Post","virology","Annual Review of the New York Academy of Sciences"]],"pageTitle":"DTU Informatics Wikipedia Cite journal miner","title":"","url":"http://neuro.imm.dtu.dk/services/wikipedia/enwiki-20080312-ref-articlejournal_highlycited.html","hasHeader":true,"headerPosition":"FIRST_ROW","tableType":"RELATION","tableNum":0,"s3Link":"","recordEndOffset":0,"recordOffset":0,"tableOrientation":"HORIZONTAL","lastModified":"","textBeforeTable":"Highly cited journals from Wikipedia Wikipedia Cite journal miner Services \u003e HBP \u003e DTU Informatics \u003e\u003e\u003e DTU Informatics Wikipedia Cite journal miner","textAfterTable":"Wikipedia articles with the largest number of references # Citations Wikipedia article 1 291 Chronic fatigue syndrome 2 180 Antioxidant 3 155 Evolution 4 152 Paleolithic-style diet 5 140 RNA interference 6 140 Bacteria 7 129 Serpin 8 127 Nitrazepam 9 127 Rotavirus 10 122 Metabolism 11 121 Testicular immunology 12 120 Lyme disease 13 119 Alzheimer\u0027s disease 14 117 Gluten-sensitive enteropathy associated conditions 15 114 Irritable bowel syndrome 16 107 Wikipedia:Sandbox/1 17 107 Cambrian explosion 18 106 List of molecules in interstellar space 19 106 AIDS 20","hasKeyColumn":true,"keyColumnIndex":2,"headerRowIndex":0}