{"relation":[["#","1","2","3","4","5","6","7","8","9","10","11","12","13","14","15","16","17","18","19","20",""],["Media","Dainik Jagran","Dainik Bhaskar","CNN Editions (International)","CNN","NDTV","Times of India","Globo","Dailymail","Malayala Manorama","Dinamalar","WALL STREET JOURNAL USA","foxnews","New York Times","Gujarat Samachar","Telecinco","IBN live","USA Today","The Sun","Joong Ang Ilbo","AARP Bulletin","More Media \u003e\u003e"],["MIX","15.400","14.000","14.000","12.000","10.000","4.800","4.500","4.500","4.000","3.500","3.400","3.300","3.250","3.000","2.800","2.800","2.525","2.500","2.250","2.160",""]],"pageTitle":"Share popularity and Share trends","title":"","url":"http://www.marshallindex.com/terms/share-global-popularity","hasHeader":true,"headerPosition":"FIRST_ROW","tableType":"RELATION","tableNum":2,"s3Link":"","recordEndOffset":0,"recordOffset":0,"tableOrientation":"HORIZONTAL","lastModified":"","textBeforeTable":"// ]]\u003e so.write(\"flashcontent_countries\"); ); \u0027\u0027) \u0027\u0027 + \u0027\u0027 + \u0027Countries\u0027 + \u0027\u0027 + \u0027\u0027 + \u0027\u0027 + so.addVariable(\"additional_chart_settings\", encodeURIComponent( so.addVariable(\"data_file\", encodeURIComponent(\"/services/countries?term\u003dshare-global\")); so.addVariable(\"settings_file\", encodeURIComponent(\"/amcharts/ampie_settings22.xml\")); so.addVariable(\"path\", \"\"); var so \u003d new SWFObject(\"/amcharts/ampie.swf\", \"ampie\", \"325\", \"220\", \"8\", \"#FFFFFF\"); // \u003cscript type\u003d\"text/javascript\"\u003e \u003c/div\u003e \u003cstrong\u003eYou need to upgrade your Flash Player\u003c/strong\u003e \u003cdiv id\u003d\"flashcontent_countries\"\u003e \u003cscript type\u003d\"text/javascript\" src\u003d\"/amcharts/swfobject.js\"\u003e\u003c/script\u003e \u003cdiv class\u003d\"top_countries\"\u003e \u003cdiv class\u003d\"tops\"\u003e \u003c/style\u003e } margin: 0 auto; .top_lists { } list-style-type: none; .tops li { } margin-left: 15px; .tops .top_media, .tops .top_languages { } float: left; width: 402px; .tops .top_countries, .tops .top_media, .tops .top_languages { } margin: 10px auto; .tops { \u003cstyle type\u003d\"text/css\"\u003e \u003cdiv id\u003d\"map_canvas\"\u003e\u003c/div\u003e \u003c/script\u003e }; geomap.draw(data, options); }); geomap.draw(data, options); options[\u0027region\u0027] \u003d \u0027world\u0027; options[\u0027showZoomOut\u0027] \u003d \u0027false\u0027; geomap, \u0027zoomOut\u0027, function() { google.visualization.events.addListener( }); geomap.draw(data, options); options[\u0027showZoomOut\u0027] \u003d \u0027true\u0027; } options[\u0027region\u0027] \u003d \u0027155\u0027; if (include([\u0027AI\u0027, \u0027AT\u0027, \u0027BE\u0027, \u0027CZ\u0027, \u0027FR\u0027, \u0027DE\u0027, \u0027GG\u0027, \u0027HU\u0027, \u0027JE\u0027, \u0027LI\u0027, \u0027LU\u0027, \u0027MC\u0027, \u0027NL\u0027, \u0027PL\u0027, \u0027SK\u0027, \u0027SI\u0027, \u0027CH\u0027, \u0027UA\u0027], e[\u0027region\u0027])) { } options[\u0027region\u0027] \u003d \u0027154\u0027; if (include([\u0027AO\u0027, \u0027BY\u0027, \u0027DK\u0027, \u0027EE\u0027, \u0027FI\u0027, \u0027IE\u0027, \u0027IM\u0027, \u0027LV\u0027, \u0027LT\u0027, \u0027NO\u0027, \u0027SJ\u0027, \u0027SE\u0027, \u0027GB\u0027], e[\u0027region\u0027])) { } options[\u0027region\u0027] \u003d \u0027151\u0027; if (include([\u0027RU\u0027], e[\u0027region\u0027])) { } options[\u0027region\u0027] \u003d \u0027145\u0027; if (include([\u0027AM\u0027, \u0027AZ\u0027, \u0027BH\u0027, \u0027CY\u0027, \u0027ER\u0027, \u0027GE\u0027, \u0027IR\u0027, \u0027IQ\u0027, \u0027IL\u0027, \u0027JO\u0027, \u0027KW\u0027, \u0027LB\u0027, \u0027OM\u0027, \u0027PS\u0027, \u0027QA\u0027, \u0027SA\u0027, \u0027SY\u0027, \u0027TR\u0027, \u0027TM\u0027, \u0027AE\u0027, \u0027YE\u0027], e[\u0027region\u0027])) { } options[\u0027region\u0027] \u003d \u0027143\u0027; if (include([\u0027KZ\u0027, \u0027KG\u0027, \u0027TJ\u0027, \u0027UZ\u0027], e[\u0027region\u0027])) { } options[\u0027region\u0027] \u003d \u0027039\u0027; if (include([\u0027AD\u0027, \u0027BA\u0027, \u0027BG\u0027, \u0027HR\u0027, \u0027GI\u0027, \u0027GR\u0027, \u0027VA\u0027, \u0027IT\u0027, \u0027MK\u0027, \u0027MT\u0027, \u0027MD\u0027, \u0027ME\u0027, \u0027PT\u0027, \u0027RO\u0027, \u0027SM\u0027, \u0027RS\u0027, \u0027ES\u0027], e[\u0027region\u0027])) { } options[\u0027region\u0027] \u003d \u0027035\u0027; if (include([\u0027AS\u0027, \u0027AU\u0027, \u0027IO\u0027, \u0027BN\u0027,","textAfterTable":"You need to upgrade your Flash Player # Media MIX 1 Dainik Jagran 15.400 2 Dainik Bhaskar 14.000 3 CNN Editions (International) 14.000 4 CNN 12.000 5 NDTV 10.000 6 Times of India 4.800 7 Globo 4.500 8 Dailymail 4.500 9 Malayala Manorama 4.000 10 Dinamalar 3.500 11 WALL STREET JOURNAL USA 3.400 12 foxnews 3.300 13 New York Times 3.250 14","hasKeyColumn":true,"keyColumnIndex":1,"headerRowIndex":0}