{"relation":[["Party","Social Democratic Party","Moderate Party","Green Party","Left Party","Liberal People\u0027s Party","Sweden Democrats","Christian Democrats","Pirate Party","Centre Party","June List","Feminist Initiativ"],["Prediction","36.3%","14.1%","9.6%","9.3%","8.4%","7.7%","5.0%","4.2%","3.7%","0.9%","0.4%"],["Result","24.6%","18.8%","10.9%","5.6%","13.6%","3.3%","4.7%","7.1%","5.5%","3.6%","2.2%"],["Difference","11.7","-6.7","-1.3","3.7","-5.2","4.4","0.3","-2.9","-1.8","-2.7","-1.8"]],"pageTitle":"Andart: Calibrating my crystal ball","title":"","url":"http://www.aleph.se/andart/archives/2009/06/calibrating_my_crystal_ball.html","hasHeader":true,"headerPosition":"FIRST_ROW","tableType":"RELATION","tableNum":0,"s3Link":"","recordEndOffset":0,"recordOffset":0,"tableOrientation":"HORIZONTAL","lastModified":"","textBeforeTable":"As a futurist, I should make sure to check past predictions to see whether I\u0027m biased (or just bad at predicting). A month ago I wrote Andart: Using Google to predict elections. Now it is time to see how well my guesstimates came out. Calibrating my crystal ball June 09, 2009 A road crammed with robots � Main | � Precrime in Camden | Another lobe of Anders Sandberg\u0027s distributed brain: essays on technology, science and the human condition. Andart","textAfterTable":"I can\u0027t see any bias in any particular direction. I don\u0027t think I have any chance of beating the exit polls, but at least the numbers are in the right ballpark. (On the Aumann agreement board at FHI we had a probability scale on whether the Pirate Party would get a seat; my final position was at 60% probability.) Posted by Anders3 at June 9, 2009 05:40 PM Comments","hasKeyColumn":true,"keyColumnIndex":0,"headerRowIndex":0}