{"relation":[["","Fianna F�il","Fine Gael","Labour Party","Progressive Democrats","Green Party","Sinn F�in","Socialist Party","Total 1"],["Total funding received ?","2,094,432","1,826,963","1,052,611","331,620","232,629","182,322","50,305","5,770,882"],["Amount of funding brought forward from 2001 ?","615,927","230,932","Nil","120,336","102,222","1,700","13,787","1,084,904"],["Overall total funding available for spending in 2002 ?","2,710,359","2,057,895","1,052,611","451,956","334,851","184,022","64,092","6,855,786"],["Total expenditure in 2002, if any, of funding received ?","1,418,036","2,057,895","906,393","223,642","25,207","109,027","59,814","4,800,014"],["Balance of funding carried forward to 2003 ?","1,292,323","Nil","146,218","228,314","309,644","74,995","4,278","2,055,772"]],"pageTitle":"Annual Report 2002, Standards in Public Office Commission","title":"","url":"http://www.sipo.gov.ie/en/Reports/AnnualReports/2002/Name,3857,en.htm","hasHeader":true,"headerPosition":"FIRST_ROW","tableType":"ENTITY","tableNum":0,"s3Link":"","recordEndOffset":0,"recordOffset":0,"tableOrientation":"HORIZONTAL","TableContextTimeStampAfterTable":"{11128\u003dA breakdown of how those funds were spent will be provided in the Annual Report of the Standards Commission for 2003.}","lastModified":"","textBeforeTable":"Table H: Funds received by the parliamentary leaders of qualified political parties under the Party Leaders Allowance in 2002 Annual Report 2002 BrowseAloud Download Acrobat Reader | Your browser does not support JavaScript! Print this Page|--\u003e Annual Report","textAfterTable":"1 Rounded to the nearest ? A breakdown of how those funds were spent will be provided in the Annual Report of the Standards Commission for 2003. Back to contents Home - Sitemap - Contact Us | | |","hasKeyColumn":true,"keyColumnIndex":0,"headerRowIndex":0}