{"relation":[["Company","PetroChina","ExxonMobil","General Electric","China Mobile","Gazprom","ICBC","Microsoft","Petrobras-Petr?leo Brasil","Royal Dutch Shell","Berkshire Hathaway","AT\u0026T","BP","Procter \u0026 Gamble","Wal-Mart Stores","BHP Billiton","Nestl?","Sinopec-China Petroleum","Total","HSBC Holdings","Chevron","Bank of America","Johnson \u0026 Johnson","Toyota Motor"],["Country","China","United States","United States","Hong Kong/China","Russia","China","United States","Brazil","Netherlands","United States","United States","United Kingdom","United States","United States","Australia/United Kingdom","Switzerland","China","France","United Kingdom","United States","United States","United States","Japan"],["Industry","Oil \u0026 Gas Operations","Oil \u0026 Gas Operations","Conglomerates","Telecommunications Services","Oil \u0026 Gas Operations","Banking","Software \u0026 Services","Oil \u0026 Gas Operations","Oil \u0026 Gas Operations","Diversified Financials","Telecommunications Services","Oil \u0026 Gas Operations","Household \u0026 Personal Products","Retailing","Materials","Food Drink \u0026 Tobacco","Oil \u0026 Gas Operations","Oil \u0026 Gas Operations","Banking","Oil \u0026 Gas Operations","Banking","Drugs \u0026 Biotechnology","Consumer Durables"],["Sales ($bil)","88.24","358.60","172.74","37.06","81.76","37.48","57.90","87.52","355.78","118.25","118.93","281.03","79.74","378.80","39.50","94.76","133.79","199.74","146.50","203.97","119.19","61.10","203.80"],["Profits ($bil)","18.21","40.61","22.21","8.29","23.30","6.31","16.96","11.04","31.33","13.21","11.95","20.60","11.13","12.73","13.42","9.38","6.90","19.24","19.13","18.69","14.98","10.58","13.99"],["Assets ($bil)","111.70","242.08","795.34","62.44","201.72","961.65","67.34","129.98","266.22","273.16","275.64","236.08","144.40","163.38","53.36","99.06","77.44","165.75","2,348.98","148.79","1,715.75","80.95","276.38"],["Market Value ($bil)","546.14","465.51","330.93","308.59","306.79","289.57","253.15","236.67","221.09","216.65","210.22","204.94","203.67","198.60","190.62","188.11","186.38","181.80","180.81","179.97","176.53","175.51","175.08"]],"pageTitle":"Forbes: Global 2000 Companies","title":"","url":"http://www.webanalyticsworld.net/2008/04/forbes-global-2000-companies.html","hasHeader":true,"headerPosition":"FIRST_ROW","tableType":"RELATION","tableNum":1,"s3Link":"","recordEndOffset":0,"recordOffset":0,"tableOrientation":"HORIZONTAL","TableContextTimeStampBeforeTable":"{2064\u003dForbes recently published its list of the top 2000 global companies in the World (which now spans 60 different countries).}","lastModified":"","textBeforeTable":"//--\u003e google_ad_height \u003d 60; google_ad_width \u003d 234; google_ad_slot \u003d \"3970420948\"; /* 234x60, created 25/07/11 */ google_ad_client \u003d \"pub-7253786978834844\"; //--\u003e google_ad_height \u003d 60; google_ad_width \u003d 234; google_ad_slot \u003d \"3970420948\"; /* 234x60, created 25/07/11 */ google_ad_client \u003d \"pub-7253786978834844\"; //--\u003e google_ad_height \u003d 15; google_ad_width \u003d 468; google_ad_slot \u003d \"3888249440\"; /* 468x15, created 4/19/11 */ google_ad_client \u003d","textAfterTable":"Related Posts: iPhone Finally Coming to Canada Forbes: Top 25 Web Celebrities Search Engine Market Share, Visits from comScore and Compete iPhone Not Happening in China 8 Reasons Why Google Finance is better than Yahoo Finance RSS StumbleUpon Digg Subscribe by Email Filed Under: Uncategorized Speak Your Mind Cancel reply","hasKeyColumn":true,"keyColumnIndex":0,"headerRowIndex":0}