{"relation":[["","Fianna F�il","Fine Gael","Labour Party","Progressive Democrats","Green Party","Sinn F�in","Socialist Party","Total"],["Total funding received under the Party Leaders Allowance for 2002 ?","2,094,432","1,826,963","1,052,611","331,620","232,629","182,322","50,305","5,770,882"],["Total funding received under the Electoral Acts for 2002 ?","1,898,164","1,193,566","627,385","307,594","272,834","347,664","n/a","4,647,207"],["Overall total Exchequer funding for 2002 ?","3,992,596","3,020,529","1,679,996","639,214","505,463","529,986","50,305","10,418,089"]],"pageTitle":"Annual Report 2002, Standards in Public Office Commission","title":"","url":"http://www.sipo.gov.ie/en/Reports/AnnualReports/2002/Name,3859,en.htm","hasHeader":true,"headerPosition":"FIRST_ROW","tableType":"ENTITY","tableNum":0,"s3Link":"","recordEndOffset":0,"recordOffset":0,"tableOrientation":"HORIZONTAL","TableContextTimeStampAfterTable":"{7444\u003dTable I shows the extent to which qualified political parties were funded directly by the Exchequer in 2002.}","lastModified":"","textBeforeTable":"Table I shows the extent to which qualified political parties were funded directly by the Exchequer in 2002. Table I: Total Exchequer funds received by the qualified political parties under the Electoral Acts and the Party Leaders Allowance in 2002 Annual Report 2002 BrowseAloud Download Acrobat Reader | Your browser does not support JavaScript! Print this Page|--\u003e","textAfterTable":"Back to contents Home - Sitemap - Contact Us | | |","hasKeyColumn":true,"keyColumnIndex":0,"headerRowIndex":0}