{"relation":[["Service","Europe 1","France Culture","France Info","France Inter","France Musique","RTL France"],["Editeur","Europe 1","Radio France","Radio France","Radio France","Radio France","RTL France"],["Pays","France","France","France","France","France","France"]],"pageTitle":"Conseil sup�rieur de l\u0027audiovisuel : VOO analogique (zone Tecteo)","title":"","url":"http://www.csa.be/pluralisme/offre/bouquet/2","hasHeader":true,"headerPosition":"FIRST_ROW","tableType":"RELATION","tableNum":2,"s3Link":"","recordEndOffset":0,"recordOffset":0,"tableOrientation":"HORIZONTAL","lastModified":"","textBeforeTable":"Radios belges sous comp?tence du CSA Radios Sous r?serve de disponibilit? dans votre commune. Zone de distribution de Tecteo (VOO) SCRL : R?gion wallonne + commune de Fourons Ce bouquet est distribu? par Tecteo (VOO) SCRL Suivant les zones de fourniture, la composition de ce bouquet est limit? ? certains des services list?s ci-dessous. Pour conna?tre la composition de l\u0027offre ? votre adresse, consultez le site de VOO (http://www.voo.be/fr/tv/analogique/chaines-tv/) VOO analogique (zone Tecteo) Plus de th?mes ... Europe optimisation num?rique BTV information op?rateurs RTBF protection des mineurs TVi autorisation publicit? distributeurs t?l?visions locales plan de fr?quences ?diteurs contr?le annuel t?l?visions priv?es CSA t?l?visions radio Recherche th?matique Recherche th�matique C?ble coaxial analogique Modes de diffusion \u003e Guide de l\u0027offre \u003e L\u0027offre de m?dias et le pluralisme \u003e Rep?res A votre service Documents Br?ves","textAfterTable":"Radio Contact Cobelfra SA Belgique Vivacit? RTBF.be Belgique Radios belges hors comp?tence du CSA Service Editeur Pays BRF1 BRF Belgique Klara VRT Belgique Radio 1 VRT Belgique Radio 2 VRT Belgique Radios fran?aises Service Editeur Pays Europe 1 Europe 1 France France Culture Radio France France France Info Radio France France France Inter Radio France France France Musique Radio France France RTL France RTL France France Autres radios ?trang?res Service Editeur Pays AFN1 TIML Radio Ltd Grande-Bretagne Radio 2 (NL) Nos Pays-Bas Radio 3 (NL) Nos Pays-Bas Radio 4 (NL) Nos Pays-Bas T?l?visions T?l?visions belges sous comp?tence du CSA Service Editeur Pays AB3 BTV SA Belgique Antenne Centre Antenne Centre ASBL Belgique","hasKeyColumn":true,"keyColumnIndex":0,"headerRowIndex":0}