{"relation":[["Company","Abbott Laboratories","Adobe Systems","Aetna","Alcoa","Apple","Aramark","Archer Daniels Midland","Automatic Data Processing","Avnet","BASF","Becton Dickinson","Berkshire Hathaway","BMW","C.H. Robinson Worldwide","Caterpillar","Cisco Systems","Coca-Cola","Costco Wholesale","CVS/Caremark","DaVita","E.ON","EMCOR Group","Exxon Mobil","FMC Technologies","FPL Group","General Electric","Goldman Sachs Group","Google","Herman Miller","IBM","Intel","International Paper","Marriott International","McDonald\u0027s","McKesson","Medco Health Solutions","Nestl�","New York Life","Nike","Northern Trust","Occidental Petroleum","Philip Morris International","Procter \u0026 Gamble","Robert Bosch","Robert Half International","Singapore Airlines","Sysco","Toll Brothers","United Technologies","UPS","Verizon Communications","Visa","W.W. Grainger","Wal-Mart Stores","Walt Disney"],["Industry","Pharmaceuticals","Computer Software","Health Care: Insurance and Managed Care","Metals","Computers","Diversified Outsourcing Services","Food Production","Financial Data Services","Wholesalers: Office Equipment and Electronics","Chemicals","Medical and Other Precision Equipment","Insurance: Property and Casualty","Motor vehicles","Trucking, Transportation, Logistics","Industrial and Farm Equipment","Network and Other Communications Equipment","Beverages","Specialty Retailers","Food and Drug Stores","Health Care: Medical Facilities","Energy","Engineering and Construction","Petroleum Refining","Oil and Gas Equipment, Services","Electric \u0026 Gas Utilities","Electronics","Megabanks","Internet Services and Retailing","Home Equipment, Furnishings","Information Technology Services","Semiconductors","Forest and Paper Products","Hotels, Casinos, Resorts","Food Services","Wholesalers: Health Care","Health Care: Pharmacy and Other Services","Consumer Food Products","Insurance: Life and Health","Apparel","Superregional Banks","Mining, Crude-Oil Production","Tobacco","Soaps and Cosmetics","Motor Vehicle Parts","Temporary Help","Airlines","Wholesalers: Food and Grocery","Homebuilders","Aerospace and Defense","Delivery","Telecommunications","Consumer Credit Card and Services","Wholesalers: Diversified","General Merchandisers","Entertainment"],["Overall score","6.68","7.31","6.79","7.24","7.95","6.60","7.20","6.69","6.55","7.04","6.90","7.12","6.94","7.14","7.06","7.83","6.98","6.67","6.67","6.54","7.06","6.42","7.36","7.94","7.05","7.07","7.66","7.70","6.39","7.60","7.96","6.12","7.81","8.08","7.28","6.57","7.63","6.72","8.15","6.94","7.27","7.72","7.94","6.90","6.12","6.68","7.77","6.77","7.32","8.20","6.67","7.21","7.55","7.14","8.00"]],"pageTitle":"World\u0027s Most Admired Companies 2010: Champions - FORTUNE on CNNMoney.com","title":"","url":"http://money.cnn.com/magazines/fortune/mostadmired/2010/champions/","hasHeader":true,"headerPosition":"FIRST_ROW","tableType":"RELATION","tableNum":2,"s3Link":"","recordEndOffset":0,"recordOffset":0,"tableOrientation":"HORIZONTAL","lastModified":"","textBeforeTable":"These companies are the most admired in their sector, according to their peers. Industry champions Industry champions All industries All industries Global competitiveness Global competitiveness Product quality Product quality Long-term investment Long-term investment Financial soundness Financial soundness Mgmt. quality Mgmt. quality Social responsibility Social responsibility Use of assets Use of assets People mgmt. People mgmt. Innovation Innovation Industry champions } document.write(\u0027\u0027); } else { document.write(\u0027\u0027); if (location.pathname.match(\u0027/magazines/fortune/mostadmired/2010/champions/\u0027)) { } document.write(\u0027\u0027); } else { document.write(\u0027\u0027); if (location.pathname.match(\u0027/magazines/fortune/mostadmired/2010/industries/\u0027)) { } document.write(\u0027\u0027); } else { document.write(\u0027\u0027); (location.pathname.match(\u0027/magazines/fortune/mostadmired/2010/best_worst/worst9.html\u0027)) ){ if ( (location.pathname.match(\u0027/magazines/fortune/mostadmired/2010/best_worst/best9.html\u0027)) || } document.write(\u0027\u0027); } else { document.write(\u0027\u0027); (location.pathname.match(\u0027/magazines/fortune/mostadmired/2010/best_worst/worst8.html\u0027)) ) { if ( (location.pathname.match(\u0027/magazines/fortune/mostadmired/2010/best_worst/best8.html\u0027)) || } document.write(\u0027\u0027); } else { document.write(\u0027\u0027); (location.pathname.match(\u0027/magazines/fortune/mostadmired/2010/best_worst/worst7.html\u0027)) ) { if ( (location.pathname.match(\u0027/magazines/fortune/mostadmired/2010/best_worst/best7.html\u0027)) || } document.write(\u0027\u0027); } else { document.write(\u0027\u0027); (location.pathname.match(\u0027/magazines/fortune/mostadmired/2010/best_worst/worst6.html\u0027)) ) { if ( (location.pathname.match(\u0027/magazines/fortune/mostadmired/2010/best_worst/best6.html\u0027)) || } document.write(\u0027\u0027); } else { document.write(\u0027\u0027); (location.pathname.match(\u0027/magazines/fortune/mostadmired/2010/best_worst/worst5.html\u0027)) ) { if ( (location.pathname.match(\u0027/magazines/fortune/mostadmired/2010/best_worst/best5.html\u0027)) || } document.write(\u0027\u0027); } else { document.write(\u0027\u0027); (location.pathname.match(\u0027/magazines/fortune/mostadmired/2010/best_worst/worst4.html\u0027)) ) { if ( (location.pathname.match(\u0027/magazines/fortune/mostadmired/2010/best_worst/best4.html\u0027)) || } document.write(\u0027\u0027); } else { document.write(\u0027\u0027); (location.pathname.match(\u0027/magazines/fortune/mostadmired/2010/best_worst/worst3.html\u0027)) ) { if ( (location.pathname.match(\u0027/magazines/fortune/mostadmired/2010/best_worst/best3.html\u0027)) || } document.write(\u0027\u0027); } else { document.write(\u0027\u0027); (location.pathname.match(\u0027/magazines/fortune/mostadmired/2010/best_worst/worst2.html\u0027)) ) { if ( (location.pathname.match(\u0027/magazines/fortune/mostadmired/2010/best_worst/best2.html\u0027)) || } document.write(\u0027\u0027); } else { document.write(\u0027\u0027); (location.pathname.match(\u0027/magazines/fortune/mostadmired/2010/best_worst/worst1.html\u0027)) ) { if ( (location.pathname.match(\u0027/magazines/fortune/mostadmired/2010/best_worst/best1.html\u0027)) || }","textAfterTable":"From the March 22, 2010 issue Top 50 Headquarters Show: Top 50 | All Most Admired: The Americas | Europe | Asia/Australia Quick Vote Which company do you most admire? Apple Google or View results","hasKeyColumn":true,"keyColumnIndex":0,"headerRowIndex":0}