{"relation":[["Lake","Lake Superior","Lake Huron","Lake Michigan","Lake Erie","Lake Ontario","Great Salt Lake","Lake of the Woods","Iliamna Lake","Lake Oahe","Lake Okeechobee","Lake Pontchartrain","Lake Sakakawea","Lake Champlain","Becharof Lake","Lake St. Clair"],["Location","MI-MN-WI-Ontario","MI-Ontario","IL-IN-MI-WI","MI-NY-OH-PA-Ontario","NY-Ontario","Utah","MN-Manitoba-Ontario","Alaska","ND-SD","Florida","Louisiana","North Dakota","NY-VT-Quebec","Alaska","MI-Ontario"],["Area in sq. miles","31,700","23,000","22,300","9,910","7,340","2,117","1,485","1,014","685","662","631","520","490","453","430"]],"pageTitle":"Largest Lakes in the United States | Newsburglar","title":"","url":"http://newsburglar.com/2009/01/03/largest-lakes-in-the-united-states/","hasHeader":true,"headerPosition":"FIRST_ROW","tableType":"RELATION","tableNum":0,"s3Link":"","recordEndOffset":0,"recordOffset":0,"tableOrientation":"HORIZONTAL","lastModified":"","textBeforeTable":"What and where are the largest lakes in the United States? Posted Largest Lakes in the United States //--\u003e google_ad_height \u003d 60; google_ad_width \u003d 468; google_ad_slot \u003d \"4095812733\"; /* PostpageTopHalfbanner */ google_ad_client \u003d \"ca-pub-0192157537857478\";","textAfterTable":"Related Reading: We Didn�t Start the Fire, the Extended Version Is Barack Obama Really Luke Skywalker? Do You Pay More Taxes Than the Average Americans? Chicago?s World?s Fair: In Pictures Are Kids Today Dumber Than Their Parents? What You Really Need to Know About Global Warming Popularity: 37% [?] Leave a Comment Cancel reply Your email address will not be published. Required fields are marked * Name * Email * Website Comment You may","hasKeyColumn":true,"keyColumnIndex":0,"headerRowIndex":0}