{"relation":[["Lake Name","Bony Lake","Buffalo Lake","Buskey Bay","Chippewa","Cranberry Lake T44N R09W S30","Devils Lake","Eagle Lake (Murray,Inch)","Eau Claire Lake, Lower*","Eau Claire Lake, Middle","Eau Claire Lake, Upper","Flynn Lake T46N R08W S03","Ghost Lake","Hart Lake (Heart,Wiehe)","Hildur (Bluebird) Lake","Jackson Lake","McCarry Lake","Millicent Lake (Pike)","Muskellunge Lake (Butte)","Namekagon Lake(Spring, Garden)","Pacwawong Lake*","Pike Lake","Shunenberg Lake","Smith Lake","Swett Lake (Sweet)","Twin Bear Lake (Crow)","White Bass Lake"],["Access","Water","Walk-in","Ramp","Ramp","Water","Water","Water","Ramp","Ramp","Ramp","Water","Water","Water","Road","Water","Water","Water","Road","Ramp","Ramp","Water","Water","Water","Water","Ramp","None"],["Acres","191","179","100","319","131","23","170","802","902","996","29","132","259","67","142","32","183","44","3227","160","17","44","31","88","172","112"],["Class","B","B","A1","B","B","C","B","B","A1","B","B","B","A1","C","B","C","A1","C","A1","","C","C","C","C","A1","C"],["Category","2","1","2","1","1","2","2","2","2","2","2","1","2","1","2","2","2","2","2","","2","2","2","2","2","1"]],"pageTitle":"Wisconsin Muskellunge Waters: Musky Lakes in Bayfield County - WDNR","title":"","url":"http://dnr.wi.gov/fish/musky/lakes/bayfield.html","hasHeader":true,"headerPosition":"FIRST_ROW","tableType":"RELATION","tableNum":1,"s3Link":"","recordEndOffset":0,"recordOffset":0,"tableOrientation":"HORIZONTAL","lastModified":"","textBeforeTable":"For information on the musky season, length and bag limits on these waters, please refer to the current hook and line regulations. For more information on the lake type and other fish species found in these lakes please see the Wisconsin Lakes directory. For mercury consumption advice, please see Fish Consumption Advisories. Wisconsin Musky Rivers Wisconsin Musky Lakes by County Key to Terms and Abbreviations Wisconsin Muskellunge Waters: Bayfield County Note that not all waters containing musky are classified as musky waters. For more information on the terms and abbreviations used here, or to view musky waters in other counties, use the following links: FAQ Statewide Boat \u0026 Shore Fishing Access Inventory New to Fishing? Angler\u0027s Club Take Me Fishing! Tournaments Tagged Fish Season Dates Places to Fish Fishing Report Regulations Buy a Fishing License Fishing Wisconsin Muskellunge Fact Sheet [PDF 63KB] Partners Research and Management Fact Sheet Releasing Musky Fishing for Musky Life History Classification of","textAfterTable":"For more information, please contact: Tim Simonson, Staff Specialist (608) 267-7498 Last Revised: Tuesday February 19 2008 dnr.wi.gov The Official Internet Site for the Wisconsin Department of Natural Resources 101 S. Webster Street . PO Box 7921 . Madison, Wisconsin 53707-7921 . 608.266.2621 Legal Notices | Privacy Notice | Acceptable Use Policy | Site Requirements Employment | Feedback | RSS | Site Map","hasKeyColumn":true,"keyColumnIndex":0,"headerRowIndex":0}