{"relation":[["Lake","Greifensee","Lake Biel","Lake Brienz","Lake Constance","Lake Geneva","Lake Lucerne","Lake Lugano","Lake Maggiore","Lake Murten","Lake Neuch?tel","Lake Thun","Lake Zug","Lake Zurich","Walensee"],["water temperature","17 ?C","15 ?C","13 ?C","16 ?C","13 ?C","13 ?C","17 ?C","17 ?C","15 ?C","15 ?C","14 ?C","14 ?C","15 ?C","13 ?C"],["water gauge","435.16 m","429.38 m","564.17 m","","","433.69 m","","194.01 m","429.39 m","429.39 m","557.75 m","413.51 m","405.86 m","419.99 m"]],"pageTitle":"MeteoNews: Weather for lakes and beaches in Switzerland","title":"","url":"http://meteonews.ch/en/Article/Lakes/CH/en","hasHeader":true,"headerPosition":"FIRST_ROW","tableType":"RELATION","tableNum":0,"s3Link":"","recordEndOffset":0,"recordOffset":0,"tableOrientation":"HORIZONTAL","TableContextTimeStampAfterTable":"{11390\u003d? 2012 MeteoNews JCS | About | Location | Legal Notices}","lastModified":"","textBeforeTable":"For more information, select a lake from the list: Weather for lakes and beaches in Switzerland contact@meteonews.net MeteoNews SA Contact island weather travel weather Swiss mountain passes Swiss mountains air pollution observations Swiss Lakes Precipitation radar Alerts Switzerland Observations Switzerland All about Switzerland Welcome to our new website! � //]]\u003e }); favos \u003d new Favorites(\u0027/en/Favorites/\u0027);favos.load(\u0027\u0027); $($(\u0027div.ModuleFavorites\u0027)).ready(function() {","textAfterTable":"water temperature: MeteoNews Previsions water gauge?: www.bwg.admin.ch ? 2012 MeteoNews JCS | About | Location | Legal Notices MeteoNews on the web: Other products: meteonews.tv In other countries: Argentina | ?sterreich | Belgique | Colombia | Deutschland | Espa?a | France | Liechtenstein | Nederland | T?rkiye","hasKeyColumn":true,"keyColumnIndex":0,"headerRowIndex":0}