{"relation":[["Lake","Greifensee","Lake Biel","Lake Brienz","Lake Constance","Lake Geneva","Lake Lucerne","Lake Lugano","Lake Maggiore","Lake Murten","Lake Neuch?tel","Lake Thun","Lake Zug","Lake Zurich","Walensee"],["water temperature","14 ?C","14 ?C","13 ?C","14 ?C","14 ?C","13 ?C","16 ?C","16 ?C","13 ?C","14 ?C","12 ?C","13 ?C","13 ?C","11 ?C"],["water gauge","435.13 m","429.36 m","564.10 m","","","433.70 m","","194.01 m","429.33 m","429.33 m","557.70 m","413.50 m","405.85 m","419.97 m"]],"pageTitle":"MeteoNews: Weather for lakes and beaches in Switzerland","title":"","url":"http://meteonews.ch/de/Artikel/Lakes/CH/en","hasHeader":true,"headerPosition":"FIRST_ROW","tableType":"RELATION","tableNum":0,"s3Link":"","recordEndOffset":0,"recordOffset":0,"tableOrientation":"HORIZONTAL","TableContextTimeStampAfterTable":"{13718\u003d? 2012 MeteoNews AG | Impressum und Quellen | Standort | Rechtliches}","lastModified":"","textBeforeTable":"For more information, select a lake from the list: Weather for lakes and beaches in Switzerland mehr Videos auf meteonews.TV Medienmitteilungen Dienstag, 15. Mai 2012, 7 Uhr Erneut kalter Morgen mit gebietsweise Bodenfrost Medienmitteilungen FAQ WetterApps f?r Smartphone Wettertelefon Inselwetter Reisewetter Wetter International S?danfl?ge Z?rich P?sse-Wetter Schweiz Bergwetter Schweiz Schweizer Seen Luftschadstoff-Messungen Schweiz Biowetter Strassenwetter Wintersportwetter Wetterwarnungen Wetter-Messwerte Schweiz Landes?bersicht Wetter Schweiz","textAfterTable":"water temperature: MeteoNews Previsions water gauge?: www.bwg.admin.ch ? 2012 MeteoNews AG | Impressum und Quellen | Standort | Rechtliches MeteoNews im Web: Andere Produkte: meteonews.tv In anderen L?ndern: Argentina | ?sterreich | Belgique | Schweiz | Colombia | Deutschland | Espa?a | France | Liechtenstein | Nederland | T?rkiye","hasKeyColumn":true,"keyColumnIndex":0,"headerRowIndex":0}