{"relation":[["English name","American bald eagle","Asiatic elephant","Asiatic wild ass/ Onager","Bactrian Camel","Black-tailed prairie dog","Brush-tailed bettong","Capybara","Cig?ja Sheep","Common brushtail possum","Common Eland","Common palm civet","Common Squirrel Monkey","Cormorant","Eagle owl","Egyptian rousette","Emu","Fennec or desert fox","Giraffe","Grant\u0027s Zebra","Grey meerkat","Ground Cuscus","Harbour Seal","Himalayan black bear","Hippopotamus","Hungarian brindled cattle","Jackass pinguin","Lama","Lesser panda","Lion","Mandrill","Orang-utan","Ostrich","Owl Monkey","Patagonian cavy or mara","Polar Bear","Red kangaroo","Reindeer","Ring-tailed coati","Ring-tailed Lemur","Sacred Baboon","Siamang","Siberian tiger","Springhare","Square-lipped rhinoceros","Western grey kangaroo","Western lowland gorilla","Wolf"],["Latin name","Haliaeetus leucocephalus","Elephas maximus","Equus hemionus onager","Camelu ferus f. bactrianus","Cynomis ludovicianus","Bettongia penicillata","Hydrochaeris hydrochaeris","Ovis ammon f. aries","Trichosurus vulpecula","Taurotragus oryx","Paradoxurus hermaphroditus","Saimiri sciureus","Phalacrocorax carbo","Bubo bubo","Rousettus aegyptiacus","Dromaius novaehollandiae","Fennecus zerda","Giraffa camelopardalis","Equus burchelli boehmi","Suricata suricatta","Phalanger gymnotis","Phoca vitulina","Selenarctos thibetanus","Hippopotamus amphibius","Bos primigenius f. taurus","Spheniscus demersus","Lama guanacoe f. glama","Ailurus fulgens","Panthera Leo","Mandrillus sphinx","Pongo pygmaeus","Struthio camelus","Aotus trivirgatus","Dolichotis patagonum","Ursus maritimus","Macropus rufus","Rangifer tarandus","Nasua nasua","Lemur Catta","Papio hamadryas","Symphalangus syndactylus","Neofelis tigris altaica","Pedetes Capensis","Ceratotherium simum","Macropus fuliginosus","Gorilla gorilla gorilla","Canis lupus"],["Hungarian name","Feh?rfej? r?tisas","?zsiai elef?nt","Onager","K?tp?p? teve","T?rsas pr?rikutya","Ecsetfark? patk?nykenguru","V?zidiszn?","Cig?ja juh","K?z?ns?ges r?kakuzu","J?vorantilop","Mal?ji p?lmasodr?","K?z?ns?ges m?kusmajom","K?r?katona","Uhu","N?lusi rep?l?kutya","Emu","Sivatagi r?ka","Zsir?f","B?hm-zebra","Szurik?ta","Egysz?n? v. f?ldi kuszkusz","Borj?f?ka","?rv?smedve","N?lusi v?zil?","Magyar tarkamarha","P?paszemes pingvin","L?ma","V?r?s macskamedve","Oroszl?n","Mandrill","Orangut?n","Strucc","?ji majom","Nagy mara","Jegesmedve","V?r?s ?ri?skenguru","R?nszarvas","Orm?nyosmedve","K?z?ns?ges maki","Gall?ros p?vi?n","Sziamang","Szib?riai tigris","Afrikai ugr?ny?l","Sz?lessz?j? orrszarv?","Nyugati sz?rke ?ri?skenguru","Nyugati s?kvid?ki gorilla","Farkas"]],"pageTitle":"Budapest Zoo \u0026 Botanical Garden","title":"","url":"http://www.zoobudapest.com/english/search-species","hasHeader":true,"headerPosition":"NONE","tableType":"RELATION","tableNum":0,"s3Link":"","recordEndOffset":0,"recordOffset":0,"tableOrientation":"HORIZONTAL","TableContextTimeStampAfterTable":"{17113\u003dH-1146 Budapest,, 17215\u003dH-1371 Budapest 5.,}","lastModified":"","textBeforeTable":"Keywords Species More videos \u003e\u003e\u003e Video Map laddermenu_toggle(\u0027laddermenu_ul_1_1125\u0027); laddermenu_toggle(\u0027laddermenu_ul_1_1023\u0027); laddermenu_toggle(\u0027laddermenu_ul_1_24\u0027); laddermenu_toggle(\u0027laddermenu_ul_1_4\u0027); laddermenu_toggle(\u0027laddermenu_ul_1_3\u0027); laddermenu_toggle(\u0027laddermenu_ul_1_1\u0027); } active_array.push(n); } else document.getElementById(n).style.display \u003d \u0027none\u0027; if (document.getElementById(n).style.display !\u003d \u0027block\u0027) document.getElementById(n).style.display \u003d \u0027block\u0027; if (document.getElementById(n)) { function laddermenu_toggle(n) { }","textAfterTable":"\u0026lt;a href\u003d\u0027http://www.ultrabanner.hu/ad/adclick.php?n\u003da3f82d2c\u0027 target\u003d\u0027_blank\u0027\u0026gt;\u0026lt;img src\u003d\u0027http://www.ultrabanner.hu/ad/adview.php?what\u003dzone:48\u0026amp;amp;n\u003da3f82d2c\u0027 border\u003d\u00270\u0027 alt\u003d\u0027\u0027\u0026gt;\u0026lt;/a\u0026gt; Opening hours (February) Every day: Zoo: 09:00-16:00 Cashiers: 09:00-15:00 Animal houses: 10:00-15:30 Details \u003e\u003e Ticket prices Adult: 2100 Ft Child, student: 1500 Ft Family: 6100 Ft Details \u003e\u003e Contact H-1146 Budapest, ?llatkerti krt. 6-12. P.O. Box: H-1371 Budapest 5., Pf. 469. Telephone: (+36.1) 273.4900 E-mail: click here How to get to the ZOO \u003e\u003e Partners, Supporters","hasKeyColumn":true,"keyColumnIndex":0,"headerRowIndex":0}