{"relation":[["Local Health Boards","Abertawe Bro Morgannwg University LHB","","","Aneurin Bevan LHB","","Cardiff and Vale LHB","","Cwm Taff LHB","","Hywel Dda LHB (Link surgeon to be appointed)","","","","Betsi Cadwalader University LHB","",""],["Hospital name","Morriston Hospital (Swansea)","Singleton Hospital (Swansea)","Princess of Wales Hospital (Bridgend)","Neville Hall Hospital (Abergavenny)","Royal Gwent Hospital (Newport)","University Hospital Llandough","University Hospital of Wales (Cardiff)","Prince Charles Hospital (Merthyr Tydfil)","Royal Glamorgan Hospital (Llantrisant)","Bronglais Hospital (Aberystwyth)","Prince Philip Hospital (Llanelli)","Glangwili Hospital (Carmarthen)","Withybush Hospital (Haverford West)","Ysbyty Gwynedd (Bangor)","Ysbyty Glan Clwyd (Rhyl)","Maelor Hospital (Wrexham)"],["Link Surgeons","Roger Morgan","Roger Morgan","Roger Morgan","Richard Blackett","Ahmed Shandall","Wyn Lewis","Wyn Lewis","Professor P N Haray?","Alan Woodward","","","","","Anil Lala","Richard Morgan","Mr P J Billings"]],"pageTitle":"ASGBI Link Surgeons Website","title":"","url":"http://www.asgbi.org.uk/wales/hosp_link_surgeons.htm","hasHeader":true,"headerPosition":"FIRST_ROW","tableType":"RELATION","tableNum":0,"s3Link":"","recordEndOffset":0,"recordOffset":0,"tableOrientation":"HORIZONTAL","lastModified":"","textBeforeTable":"Local Health Boards and Link Surgeons in this region Select a Surgical Region East of England East Midlands Greater London Ireland North East Northern Ireland North West Scotland South Central South East Coast South West Wales West Midlands Yorkshire and Humber Contact Training Regional Surgical Societies Local Health Boards and Link Surgeons in this region Home Wales Region","textAfterTable":"� ? Association of Surgeons of Great Britain and Ireland - www.asgbi.org.uk | Design by ASGBI","hasKeyColumn":true,"keyColumnIndex":1,"headerRowIndex":0}