{"relation":[["Rank","1.","2.","3.","4.","5.","6.","7.","8.","9.","10.","11.","12.","13.","14.","15.","16.","17.","18.","19.","20.","21.","22.","23.","24.","25.","26.","27.","28.","29.","30.","31.","32.","33.","34.","35.","36.","37.","38.","39.","40.","41.","42.","43.","44.","45.","46.","47.","48.","49.","50."],["Airport","Hartsfield-Jackson Atlanta International Airport","London Heathrow Airport","Beijing Capital International Airport","O\u0027Hare International Airport","Tokyo International Airport","Paris Charles de Gaulle Airport","Los Angeles International Airport","Dallas-Fort Worth International Airport","Frankfurt Airport","Denver International Airport","Madrid-Barajas Airport","John F. Kennedy International Airport","Hong Kong International Airport","Amsterdam Airport Schiphol","Dubai International Airport","Suvarnabhumi Airport","McCarran International Airport","George Bush Intercontinental Airport","Phoenix Sky Harbor International Airport","San Francisco International Airport","Singapore Changi Airport","Soekarno-Hatta International Airport","Guangzhou Baiyun International Airport","Charlotte Douglas International Airport","Miami International Airport","Leonardo da Vinci Airport","Orlando International Airport","Sydney Airport","Newark Liberty International Airport","Munich Airport","London Gatwick Airport","Minneapolis-Saint Paul International Airport","Narita International Airport","Shanghai Pudong International Airport","Detroit Metropolitan Wayne County Airport","Seattle-Tacoma International Airport","Philadelphia International Airport","Toronto Pearson International Airport","Atat?rk International Airport","Kuala Lumpur International Airport","Seoul Incheon International Airport","Barcelona Airport","Logan International Airport","Indira Gandhi International Airport","Melbourne Airport","Paris-Orly Airport","Shanghai Hongqiao International Airport","Chhatrapati Shivaji International Airport","Shenzhen Bao\u0027an International Airport","Mexico City International Airport"],["Location","Atlanta, Georgia, United States","Hillingdon, Greater London, England, United Kingdom","Chaoyang, Beijing, China","Chicago, Illinois, United States","?ta, Tokyo, Japan","Roissy-en-France, Val d\u0027Oise, ?le-de-France, France","Los Angeles, California, United States","Dallas/Fort Worth, Texas, United States","Flughafen (Frankfurt am Main), Frankfurt, Hesse, Germany","Denver, Colorado, United States","Madrid, Comunidad de Madrid, Spain","Queens, New York City, New York, United States","Chek Lap Kok, Hong Kong, China","Haarlemmermeer, North Holland, Netherlands","Garhoud, Dubai, United Arab Emirates","Racha Thewa, Bang Phli, Samut Prakan, Greater Bangkok, Thailand","Las Vegas, Nevada, United States","Houston, Texas, United States","Phoenix, Arizona, United States","San Mateo County, California, United States","Changi, East Region, Singapore","Cengkareng, Jakarta, Java, Indonesia","Huadu District, Guangzhou, Guangdong, China","Charlotte, North Carolina, United States","Miami-Dade County, Florida, United States","Fiumicino, Rome, Italy","Orlando, Florida, United States","Sydney, New South Wales, Australia","Newark, New Jersey, United States","Munich, Bavaria, Germany","Crawley, West Sussex, England, United Kingdom","Fort Snelling, Minnesota, United States","Narita, Chiba, Japan","Pudong, Shanghai, China","Detroit, Michigan, United States","Seattle, Washington, United States","Philadelphia, Pennsylvania, United States","Mississauga, Ontario, Canada","Yesilk?y, Istanbul, Turkey","Sepang, Selangor, Malaysia","Incheon, Republic of Korea","Barcelona, Catalonia, Spain","Boston, Massachusetts, United States","Delhi, India","Melbourne, Victoria, Australia","Orly, France","Changning District, Shanghai, China","Mumbai, Maharashtra, India","Bao\u0027an District, Shenzhen, Guangdong, China","Mexico City, Mexico"],["Code (IATA/ICAO)","ATL/KATL","LHR/EGLL","PEK/ZBAA","ORD/KORD","HND/RJTT","CDG/LFPG","LAX/KLAX","DFW/KDFW","FRA/EDDF","DEN/KDEN","MAD/LEMD","JFK/KJFK","HKG/VHHH","AMS/EHAM","DXB/OMDB","BKK/VTBS","LAS/KLAS","IAH/KIAH","PHX/KPHX","SFO/KSFO","SIN/WSSS","CGK/WIII","CAN/ZGGG","CLT/KCLT","MIA/KMIA","FCO/LIRF","MCO/KMCO","SYD/YSSY","EWR/KEWR","MUC/EDDM","LGW/EGKK","MSP/KMSP","NRT/RJAA","PVG/ZSPD","DTW/KDTW","SEA/KSEA","PHL/KPHI","YYZ/CYYZ","IST/LTBA","KUL/WMKK","ICN/RKSI","BCN/LEBL","BOS/KBOS","DEL/VIDP","MEL/YMML","ORY/LFPO","SHA/ZSSS","BOM/VABB","SZX/ZGSZ","MEX/MMMX"],["Total Passengers","88,032,086","66,037,578","65,372,012","64,158,343","61,903,656","57,906,866","56,520,843","56,030,457","50,932,840","50,167,485","48,250,784","45,915,069","45,558,807","43,570,370","40,901,752","40,500,224","40,469,012","40,007,354","37,824,982","37,338,942","37,203,978","37,143,719","37,048,712","34,536,666","33,886,025","33,723,213","33,693,649","33,451,383","33,399,207","32,681,067","32,398,979","32,378,599","32,135,191","32,102,549","31,357,388","31,227,512","30,669,564","30,368,339","29,854,119","29,682,093","28,677,161","27,301,662","25,512,086","25,252,814","25,248,762","25,107,693","25,078,548","24,804,766","24,486,406","24,243,056"],["Rank Change","","1","5","2","1","1","1","1","","","","1","1","","5","2","2","2","2","1","2","14","9","2","4","1","5","5","6","3","3","2","2","6","11","1","","4","3","1","2","4","2","6","1","2","?","1","?","7"],["% Change","2.2%","1.5%","16.9%","6.1%","7.2%","4.9%","5.5%","1.9%","4.7%","2.1%","5.1%","3.9%","4.8%","8.1%","9.2%","4.9%","6.3%","4.1%","5.2%","0.3%","1.3%","15.2%","10.8%","0.6%","0.5%","4.0%","5.5%","0.4%","5.5%","5.4%","5.3%","4.9%","4.0%","13.7%","10.8%","3.0%","3.7%","6.1%","4.3%","7.8%","4.9%","9.8%","2.3%","8.6%","1.4%","4.2%","9.6%","1.9%","14.4%","7.5%"]],"pageTitle":"World\u0027s busiest airports by passenger traffic - Wikipedia, the free encyclopedia","title":"","url":"http://en.wikipedia.org/wiki/World%27s_busiest_airports_by_passenger_traffic","hasHeader":true,"headerPosition":"FIRST_ROW","tableType":"LAYOUT","tableNum":0,"s3Link":"","recordEndOffset":0,"recordOffset":0,"tableOrientation":"HORIZONTAL","TableContextTimeStampBeforeTable":"{21559\u003dThe world\u0027s busiest airports by passenger traffic are measured by number of total passengers (data provided by Airports Council International). One passenger is described as someone who arrives in, departs from, or transfers through the airport on a given day. Hartsfield-Jackson International Airport in Atlanta has been the world\u0027s busiest airport every year since 2000, although with all airports combined London has the world\u0027s busiest city airport system in terms of passenger traffic.}","lastModified":"","textBeforeTable":"Airports Council International\u0027s final full year figures are as follows [17] [18] [edit] 2009 statistics 6.2% Germany MUC/EDDM 34,721,605 Bavaria, Munich, Munich Airport 3.5% 30. 2 United States MCO/KMCO 34,877,899 Florida, Orlando, Orlando International Airport 5.4% 29. 3 United States MIA/KMIA 35,698,025 Florida, Miami-Dade County, Miami International Airport 7.6% 28. 1 Australia SYD/YSSY 35,991,917 New South Wales, Sydney, Sydney Airport 7.4% 27. Italy FCO/LIRF 36,227,778 Rome, Fiumicino, Leonardo da Vinci Airport","textAfterTable":"[edit] 2008 statistics Airports Council International\u0027s final full year figures are as follows. [19] [20] Rank Airport Location Code (IATA/ICAO) Total passengers Rank Change % Change 1. Hartsfield-Jackson Atlanta International Airport Atlanta, Georgia, United States ATL/KATL 90,039,280 0.7% 2. O\u0027Hare International Airport Chicago, Illinois, United States ORD/KORD 69,353,876 9.0% 3. London Heathrow Airport Hillingdon, Greater London, United Kingdom LHR/EGLL 67,056,379 1.5% 4. Tokyo International Airport ?ta, Tokyo, Japan HND/RJTT 66,754,829 0.2% 5.","hasKeyColumn":true,"keyColumnIndex":1,"headerRowIndex":0}