{"relation":[["Dauer","2007 - Heute","2004 - 2007","1998 - 2004","1974 - 1998","1972 - 1974","1931 - 1972","1930 - 1931","1930 - 1930","1913 - 1930","1909 - 1913","1908 - 1909","1901 - 1908"],["Geb?udename","Burj Khalifa","Taipei 101","Petronas Towers","Willis Tower","World Trade Center","Empire State Building","Chrysler Building","The Trump Building","Woolworth Building","Metropolitan Life Tower","Singer Building","Philadelphia City Hall"],["Stadt","Dubai","Taipei","Kuala Lumpur","Chicago","New York City","New York City","New York City","New York City","New York City","New York City","New York City","Philadelphia"],["Etagen","163","101","88","108","110","102","77","70","57","50","47","9"],["H?he","828 m","509 m","452 m","442 m","417 m","381 m","319 m","283 m","241 m","213 m","187 m","167 m"]],"pageTitle":"Die h?chsten Geb?ude | Statistiken | EMPORIS","title":"","url":"http://www.emporis.de/statistics/history-of-worlds-tallest-buildings","hasHeader":true,"headerPosition":"FIRST_ROW","tableType":"RELATION","tableNum":0,"s3Link":"","recordEndOffset":0,"recordOffset":0,"tableOrientation":"HORIZONTAL","lastModified":"","textBeforeTable":"Hier finden Sie einen ?berblick ?ber die h?chsten Geb?uden der Welt seit dem Beginn des 20. Jahrhunderts. Fernseht?rme, Masten und andere Geb?udetypen werden nicht ber?cksichtigt. Geschichte der h?chsten Geb?ude der Welt Data Terms (ESN 45643) Structures (ESN 67890) Geography (ESN 22912) Companies (ESN 32806) Emporis Standards 2000 2001 2002 2003 2004 2005 2006 2007 2008 2009 2010 ?ber den Award Emporis Awards Die meisten Wolkenkratzer Die teuersten Geb?ude Neue Hochh?user Die h?chsten Geb?ude Statistiken Geb?udeverzeichnis Geb?ude ? Home","textAfterTable":"fertiggestellt geplant im Bau nie errichtet abgerissen Bekannt aus: Yahoo! Finance Buiness Journal Reuters ZDF The Times Corporate ?ber uns Kontakt Jobs Referenzen Presse Emporis in den Medien Pressemitteilungen Medieninformationen Downloads Webseite FAQ AGB (EN) Nutzungsbedingungen (EN) Impressum Community Login Registrieren Research Login COPYRIGHT � 2000-2012 EMPORIS GMBH. ALL RIGHTS RESERVED","hasKeyColumn":true,"keyColumnIndex":1,"headerRowIndex":0}