"http://dbpedia.org/resource/Arthur's_Pike","arthur's pike","157"
"http://dbpedia.org/resource/Grisedale_Pike","grisedale pike","40"
"http://dbpedia.org/resource/Great_End","great end","5"
"http://dbpedia.org/resource/Grey_Knotts","grey knotts","91"
"http://dbpedia.org/resource/Pavey_Ark","pavey ark","89"
"http://dbpedia.org/resource/Kirk_Fell","kirk fell","34"
"http://dbpedia.org/resource/Graystones","graystones","188"
"http://dbpedia.org/resource/High_Stile","high stile","30"
"http://dbpedia.org/resource/Great_Gable","great gable","7"
"http://dbpedia.org/resource/Seat_Sandal","seat sandal","70"
"http://dbpedia.org/resource/Holme_Fell","holme fell","213"
"http://dbpedia.org/resource/Grey_Crag","grey crag [sleddale fell]","118"
"http://dbpedia.org/resource/Middle_Dodd","middle dodd","111"
"http://dbpedia.org/resource/Lingmoor_Fell","lingmoor fell","184"
"http://dbpedia.org/resource/Branstree","branstree","81"
"http://dbpedia.org/resource/Pike_of_Stickle","pike of stickle","83"
"http://dbpedia.org/resource/Bakestall","bakestall","100"
"http://dbpedia.org/resource/Birks_(Lake_District)","birks","124"
"http://dbpedia.org/resource/Mellbreak","mellbreak","168"
"http://dbpedia.org/resource/Middle_Fell","middle fell","135"
"http://dbpedia.org/resource/Ullock_Pike","ullock pike","95"
"http://dbpedia.org/resource/Buckbarrow","buckbarrow","200"
"http://dbpedia.org/resource/Swirl_How","swirl how","33"
"http://dbpedia.org/resource/Starling_Dodd","starling dodd","122"
"http://dbpedia.org/resource/Hartsop_above_How","hartsop above how","136"
"http://dbpedia.org/resource/Grasmoor","grasmoor","20"
"http://dbpedia.org/resource/Walla_Crag","walla crag","204"
"http://dbpedia.org/resource/Grey_Friar","grey friar","51"
"http://dbpedia.org/resource/Dove_Crag","dove crag","38"
"http://dbpedia.org/resource/Meal_Fell","meal fell","150"
"http://dbpedia.org/resource/Stybarrow_Dodd","stybarrow dodd","21"
"http://dbpedia.org/resource/Calf_Crag","calf crag","154"
"http://dbpedia.org/resource/Skiddaw_Little_Man","skiddaw little man","15"
"http://dbpedia.org/resource/Souther_Fell","souther fell","163"
"http://dbpedia.org/resource/High_Crag","high crag (buttermere)","65"
"http://dbpedia.org/resource/Harter_Fell_(Eskdale)","harter fell (eskdale)","112"
"http://dbpedia.org/resource/Wetherlam","wetherlam","56"
"http://dbpedia.org/resource/Thunacar_Knott","thunacar knott","76"
"http://dbpedia.org/resource/Lank_Rigg","lank rigg","153"
"http://dbpedia.org/resource/Slight_Side","slight side","58"
"http://dbpedia.org/resource/Great_Crag","great crag (stonethwaite)","190"
"http://dbpedia.org/resource/Steel_Knotts","steel knotts","195"
"http://dbpedia.org/resource/Caw_Fell","caw fell","92"
"http://dbpedia.org/resource/Barf_(Lake_District)","barf","185"
"http://dbpedia.org/resource/Hindscarth","hindscarth","73"
"http://dbpedia.org/resource/Scar_Crags","scar crags","101"
"http://dbpedia.org/resource/Ling_Fell","ling fell","205"
"http://dbpedia.org/resource/Gibson_Knott","gibson knott","197"
"http://dbpedia.org/resource/Arnison_Crag","arnison crag","194"
"http://dbpedia.org/resource/Tarn_Crag_(Far_Eastern_Fells)","tarn crag (sleddale)","104"
"http://dbpedia.org/resource/Seathwaite_Fell","seathwaite fell","130"
"http://dbpedia.org/resource/Knott","knott","82"
"http://dbpedia.org/resource/Blea_Rigg","blea rigg","152"
"http://dbpedia.org/resource/Wether_Hill_(Lake_District)","wether hill","103"
"http://dbpedia.org/resource/Carrock_Fell","carrock fell","105"
"http://dbpedia.org/resource/Crinkle_Crags","crinkle crags - long top","17"
"http://dbpedia.org/resource/Harter_Fell_(Mardale)","harter fell (mardale)","47"
"http://dbpedia.org/resource/Birkhouse_Moor","birkhouse moor","78"
"http://dbpedia.org/resource/Nab_Scar","nab scar","191"
"http://dbpedia.org/resource/Brim_Fell","brim fell","37"
"http://dbpedia.org/resource/Great_Carrs","great carrs","43"
"http://dbpedia.org/resource/High_Pike_(Scandale)","high pike (scandale)","109"
"http://dbpedia.org/resource/Clough_Head","clough head","75"
"http://dbpedia.org/resource/Harrison_Stickle","harrison stickle","68"
"http://dbpedia.org/resource/Red_Pike_(Wasdale)","red pike (wasdale)","26"
"http://dbpedia.org/resource/Great_Dodd","great dodd","19"
"http://dbpedia.org/resource/Catstye_Cam","catstye cam","10"
"http://dbpedia.org/resource/High_Raise_(Langdale)","high raise","57"
"http://dbpedia.org/resource/Skiddaw","skiddaw","4"
"http://dbpedia.org/resource/Dale_Head","dale head","63"
"http://dbpedia.org/resource/Lord's_Seat","lord's seat","147"
"http://dbpedia.org/resource/Lonscale_Fell","lonscale fell","79"
"http://dbpedia.org/resource/Pike_of_Blisco","pike of blisco","86"
"http://dbpedia.org/resource/Castle_Crag","castle crag","214"
"http://dbpedia.org/resource/Brock_Crags","brock crags","144"
"http://dbpedia.org/resource/High_Street_(Lake_District)","high street","25"
"http://dbpedia.org/resource/Barrow_(Lake_District)","barrow","187"
"http://dbpedia.org/resource/Great_Calva","great calva","96"
"http://dbpedia.org/resource/High_Rigg","high rigg [naddle fell]","209"
"http://dbpedia.org/resource/Mardale_Ill_Bell","mardale ill bell","59"
"http://dbpedia.org/resource/Raven_Crag","raven crag","186"
"http://dbpedia.org/resource/Brandreth","brandreth","80"
"http://dbpedia.org/resource/Hopegill_Head","hopegill head","53"
"http://dbpedia.org/resource/Gray_Crag","gray crag","90"
"http://dbpedia.org/resource/Froswick","froswick","77"
"http://dbpedia.org/resource/Whinlatter","whinlatter","165"
"http://dbpedia.org/resource/Red_Screes","red screes","49"
"http://dbpedia.org/resource/High_Spy","high spy","113"
"http://dbpedia.org/resource/Rossett_Pike","rossett pike","115"
"http://dbpedia.org/resource/Nethermost_Pike","nethermost pike","9"
"http://dbpedia.org/resource/Crag_Fell","crag fell","162"
"http://dbpedia.org/resource/Whin_Rigg","whin rigg (wasdale)","156"
"http://dbpedia.org/resource/Steeple_(Lake_District)","steeple","28"
"http://dbpedia.org/resource/Ill_Bell","ill bell","60"
"http://dbpedia.org/resource/Beda_Fell","beda fell [beda head]","170"
"http://dbpedia.org/resource/Dollywaggon_Pike","dollywaggon pike","18"
"http://dbpedia.org/resource/Cold_Pike","cold pike","88"
"http://dbpedia.org/resource/Scafell_Pike","scafell pike","1"
"http://dbpedia.org/resource/Stone_Arthur","stone arthur","175"
"http://dbpedia.org/resource/High_Seat_(Lake_District)","high seat","129"
"http://dbpedia.org/resource/Low_Pike","low pike","172"
"http://dbpedia.org/resource/Great_Cockup","great cockup","158"
"http://dbpedia.org/resource/Haycock_(Lake_District)","haycock","36"
"http://dbpedia.org/resource/Heron_Pike","heron pike (rydal)","127"
"http://dbpedia.org/resource/Hallin_Fell","hallin fell","203"
"http://dbpedia.org/resource/Shipman_Knotts","shipman knotts","133"
"http://dbpedia.org/resource/Green_Crag","green crag","176"
"http://dbpedia.org/resource/High_Pike","high pike (caldbeck)","107"
"http://dbpedia.org/resource/Great_Mell_Fell","great mell fell","155"
"http://dbpedia.org/resource/Fleetwith_Pike","fleetwith pike","116"
"http://dbpedia.org/resource/Angletarn_Pikes","angletarn pikes","143"
"http://dbpedia.org/resource/Binsey","binsey","192"
"http://dbpedia.org/resource/Glenridding_Dodd","glenridding dodd","193"
"http://dbpedia.org/resource/Rosthwaite_Fell","rosthwaite fell","148"
"http://dbpedia.org/resource/Sour_Howes","sour howes","179"
"http://dbpedia.org/resource/Longlands_Fell","longlands fell","180"
"http://dbpedia.org/resource/Burnbank_Fell","burnbank fell","183"
"http://dbpedia.org/resource/The_Knott","the knott (high street)","66"
"http://dbpedia.org/resource/Sca_Fell","scafell","2"
"http://dbpedia.org/resource/Armboth_Fell","armboth fell","182"
"http://dbpedia.org/resource/Gowbarrow_Fell","gowbarrow fell","181"
"http://dbpedia.org/resource/Sergeant's_Crag","sergeant's crag","141"
"http://dbpedia.org/resource/Blencathra","blencathra - hallsfell top","14"
"http://dbpedia.org/resource/Grike_(Lake_District)","grike","178"
"http://dbpedia.org/resource/Sheffield_Pike","sheffield pike","99"
"http://dbpedia.org/resource/Helvellyn","helvellyn","3"
"http://dbpedia.org/resource/Fairfield_(Lake_District)","fairfield","13"
"http://dbpedia.org/resource/Little_Mell_Fell","little mell fell","173"
"http://dbpedia.org/resource/Sergeant_Man","sergeant man","69"
"http://dbpedia.org/resource/Whiteless_Pike","whiteless pike","106"
"http://dbpedia.org/resource/Rampsgill_Head","rampsgill head","39"
"http://dbpedia.org/resource/High_Raise_(High_Street)","high raise (high street)","32"
"http://dbpedia.org/resource/Place_Fell","place fell","108"
"http://dbpedia.org/resource/Pillar_(Lake_District)","pillar","8"
"http://dbpedia.org/resource/Yewbarrow","yewbarrow","123"
"http://dbpedia.org/resource/Sale_Fell","sale fell","208"
"http://dbpedia.org/resource/Skiddaw","skiddaw - dodd","174"
"http://dbpedia.org/resource/Base_Brown","base brown","117"
"http://dbpedia.org/resource/St_Sunday_Crag","st sunday crag","22"
"http://dbpedia.org/resource/Knott_Rigg","knott rigg","145"
"http://dbpedia.org/resource/Allen_Crags","allen crags","42"
"http://dbpedia.org/resource/Wansfell","baystones [wansfell]","177"
"http://dbpedia.org/resource/Red_Pike_(Buttermere)","red pike (buttermere)","62"
"http://dbpedia.org/resource/Loadpot_Hill","loadpot hill","102"
"http://dbpedia.org/resource/Robinson_(Lake_District)","robinson","67"
"http://dbpedia.org/resource/Loughrigg_Fell","loughrigg fell","211"
"http://dbpedia.org/resource/Crag_Hill","crag hill [eel crag]","24"
"http://dbpedia.org/resource/Maiden_Moor","maiden moor","139"
"http://dbpedia.org/resource/Loft_Crag","loft crag","98"
"http://dbpedia.org/resource/Broom_Fell","broom fell","169"
"http://dbpedia.org/resource/Green_Gable","green gable","35"
"http://dbpedia.org/resource/Little_Hart_Crag","little hart crag west top","119"
"http://dbpedia.org/resource/Helm_Crag","helm crag","201"
"http://dbpedia.org/resource/Hart_Crag","hart crag","27"
"http://dbpedia.org/resource/Old_Man_of_Coniston","the old man of coniston","31"
"http://dbpedia.org/resource/Silver_How","silver how","202"
"http://dbpedia.org/resource/Seatallan","seatallan","94"
"http://dbpedia.org/resource/Glaramara","glaramara","45"
"http://dbpedia.org/resource/Steel_Fell","steel fell","146"
"http://dbpedia.org/resource/Selside_Pike","selside pike","110"
"http://dbpedia.org/resource/Dow_Crag","dow crag","48"
"http://dbpedia.org/resource/Lingmell","lingmell","29"
"http://dbpedia.org/resource/High_Tove","high tove","167"
"http://dbpedia.org/resource/Hart_Side","hart side","61"
"http://dbpedia.org/resource/Great_Borne","great borne","126"
"http://dbpedia.org/resource/Hard_Knott","hard knott","151"
"http://dbpedia.org/resource/Causey_Pike","causey pike","120"
"http://dbpedia.org/resource/Rest_Dodd","rest dodd","93"
"http://dbpedia.org/resource/Eagle_Crag","eagle crag","160"
"http://dbpedia.org/resource/Outerside","outerside","142"
"http://dbpedia.org/resource/Illgill_Head","illgill head","128"
"http://dbpedia.org/resource/Brae_Fell","brae fell","134"
"http://dbpedia.org/resource/Kentmere_Pike","kentmere pike","72"
"http://dbpedia.org/resource/Thornthwaite_Crag","thornthwaite crag","44"
"http://dbpedia.org/resource/Hartsop_Dodd","hartsop dodd","125"
"http://dbpedia.org/resource/Ard_Crags","ard crags","137"
"http://dbpedia.org/resource/Rannerdale_Knotts","rannerdale knotts","210"
"http://dbpedia.org/resource/Scoat_Fell","scoat fell","23"
"http://dbpedia.org/resource/High_Hartsop_Dodd","high hartsop dodd","164"
"http://dbpedia.org/resource/Esk_Pike","esk pike","11"
"http://dbpedia.org/resource/Grange_Fell","grange fell [brund fell]","199"
"http://dbpedia.org/resource/Carl_Side","carl side","64"
"http://dbpedia.org/resource/Long_Side","long side","71"
"http://dbpedia.org/resource/Kidsty_Pike","kidsty pike","46"
"http://dbpedia.org/resource/Mungrisdale_Common","mungrisdale common","121"
"http://dbpedia.org/resource/Ullscarf","ullscarf","74"
"http://dbpedia.org/resource/Bowscale_Fell","bowscale fell","87"
"http://dbpedia.org/resource/Bannerdale_Crags","bannerdale crags","97"
"http://dbpedia.org/resource/Wandope","wandope","52"
"http://dbpedia.org/resource/Catbells","catbells","189"
"http://dbpedia.org/resource/The_Nab","the nab","138"
"http://dbpedia.org/resource/Sallows","sallows","166"
"http://dbpedia.org/resource/Low_Fell_(Lake_District)","low fell","196"
"http://dbpedia.org/resource/Watson's_Dodd","watson's dodd","41"
"http://dbpedia.org/resource/Troutbeck_Tongue","troutbeck tongue","207"
"http://dbpedia.org/resource/Raise_(Lake_District)","raise","12"
"http://dbpedia.org/resource/Bonscale_Pike","bonscale pike","161"
"http://dbpedia.org/resource/Haystacks_(Lake_District)","haystacks (buttermere)","131"
"http://dbpedia.org/resource/Great_Rigg","great rigg","54"
"http://dbpedia.org/resource/Whiteside_(Lake_District)","whiteside [whiteside west top]","84"
"http://dbpedia.org/resource/Great_Sca_Fell","great sca fell","114"
"http://dbpedia.org/resource/Hen_Comb","hen comb","171"
"http://dbpedia.org/resource/Stony_Cove_Pike","stony cove pike [caudale moor]","55"
"http://dbpedia.org/resource/Black_Fell_(Lake_District)","black fell","212"
"http://dbpedia.org/resource/Blake_Fell","blake fell","140"
"http://dbpedia.org/resource/White_Side","white side","16"
"http://dbpedia.org/resource/Bleaberry_Fell","bleaberry fell","132"
"http://dbpedia.org/resource/Bowfell","bowfell","6"
"http://dbpedia.org/resource/Gavel_Fell","gavel fell","159"
"http://dbpedia.org/resource/Tarn_Crag_(Easedale)","tarn crag (easedale)","149"
"http://dbpedia.org/resource/Latrigg","latrigg","206"
"http://dbpedia.org/resource/Sail_(Lake_District)","sail","50"
"http://dbpedia.org/resource/Yoke_(Lake_District)","yoke","85"
