{"relation":[["Country Name (Click For Destination Guides)","Gabon","Gambia, The","Georgia","Germany","Ghana","Gibraltar","Glorioso Islands","Greece","Greenland","Grenada","Guadeloupe","Guam","Guatemala","Guernsey","Guinea","Guinea Bissau","Guyana"],["Capital City","Libreville","Banjul","T\u0027bilisi","Berlin","Accra","Gibraltar","none","Athens","Nuuk (Godthab)","Saint George\u0027s","Basse-Terre","Hagatna (Agana)","Guatemala","Saint Peter Port","Conakry","Bissau","Georgetown"],["MAP (Click to view Map)","Click for Map","Click for Map","Click for Map","Click for Map","Click for Map","Click for Map","Click for Map","Click for Map","Click for Map","Click for Map","Click for Map","Click for Map","Click For Map","Click for Map","Click for Map","Click for Map","Click for Map"]],"pageTitle":"1Up Travel - Maps of all the G - Category Countries of the world.","title":"","url":"http://www.1uptravel.com/worldmaps/g.html","hasHeader":false,"headerPosition":"NONE","tableType":"LAYOUT","tableNum":9,"s3Link":"","recordEndOffset":0,"recordOffset":0,"tableOrientation":"HORIZONTAL","TableContextTimeStampAfterTable":"{7841\u003dBanjul}","lastModified":"","textBeforeTable":"//--\u003e google_color_url \u003d \"008000\"; google_color_text \u003d \"000000\"; google_color_link \u003d \"ff0000\"; google_color_bg \u003d \"FFFFFF\"; google_color_border \u003d \"FFFFFF\"; google_ad_channel \u003d \"6214417794\"; //2007-05-17: 1uptravel-336x280 google_ad_type \u003d \"text_image\"; google_ad_format \u003d \"336x280_as\"; google_ad_height \u003d 280; google_ad_width \u003d 336; google_ad_client \u003d \"pub-4512080808881307\"; //--\u003e e9.size \u003d \"160x600,120x600\"; e9 \u003d new Object(); //--\u003e google_color_url \u003d \"0000FF\"; google_color_text \u003d \"000000\"; google_color_link \u003d \"ff0000\"; google_color_bg \u003d \"FFFFFF\"; google_color_border \u003d \"FFFFFF\"; google_ad_channel \u003d \"0902062747\"; //2007-05-17: travel-text-links google_ad_format \u003d \"200x90_0ads_al\"; google_ad_height \u003d 90; google_ad_width \u003d 200; google_ad_client \u003d \"pub-4512080808881307\";","textAfterTable":"Country Maps Click here for country maps, historical maps, continent maps, and regional maps","hasKeyColumn":true,"keyColumnIndex":0,"headerRowIndex":-1}