{"relation":[["Country Name (Click For Destination Guides)","Bahamas, The","Bahrain","Baker Island","Bangladesh","Barbados","Bassas da India","Belarus","Belgium","Belize","Benin","Bermuda","Bhutan","Bolivia","Bosnia and Herzegovina","Botswana","Bouvet Island","Brazil","British Virgin Islands","British Indian Ocean Territory","Brunei","Bulgaria","Burkina Faso","Burma or Myanmar","Burundi"],["Capital City","Nassau","Manama","none","Dhaka","Bridgetown","none","Minsk","Brussels","Belmopan","Porto-Novo (official capital) Cotonou (seat of government)","Hamilton","Thimphu","La Paz (seat of government); Sucre (legal capital and seat of judiciary)","Sarajevo","Gaborone","none","Brasilia","Road Town","none","Bandar Seri Begawan","Sofia","Ouagadougou","Rangoon (regime refers to the capital as Yangon)","Bujumbura"],["Geographic Info (Click for info)","Geography of The Bahamas","Geography of Bahrain","Geography of Baker Island","Geography of Bangladesh","Geography of Barbados","Geography of Bassas Da India","Geography of Belarus","Geography of Belgium","Geography of Belize","Geography of Benin","Geography of Bermuda","Geography of Bhutan","Geography of Bolivia","Geography of Bosnia \u0026 Herzegovina","Geography of Botswana","Geography of Bouvet Island","Geography of Brazil","Geography of British Virgin Islands","Geography of British Indian Ocean Territory","Geography of Brunei","Geography of Bulgaria","Geography of Burkina Faso","Geography of Burma or Myanmar","Geography of Burundi"]],"pageTitle":"1Up Travel - Read about Geography and Geographic info of all the B - Category Countries of the world. Geography and Facts","title":"","url":"http://www.1uptravel.com/geography/b.html","hasHeader":true,"headerPosition":"FIRST_ROW","tableType":"RELATION","tableNum":8,"s3Link":"","recordEndOffset":0,"recordOffset":0,"tableOrientation":"HORIZONTAL","TableContextTimeStampAfterTable":"{15936\u003dGeography of Burma or Myanmar, 15654\u003dBurma or Myanmar}","lastModified":"","textBeforeTable":"//--\u003e google_color_url \u003d \"008000\"; google_color_text \u003d \"000000\"; google_color_link \u003d \"ff0000\"; google_color_bg \u003d \"FFFFFF\"; google_color_border \u003d \"FFFFFF\"; google_ad_channel \u003d \"6214417794\"; //2007-05-17: 1uptravel-336x280 google_ad_type \u003d \"text_image\"; google_ad_format \u003d \"336x280_as\"; google_ad_height \u003d 280; google_ad_width \u003d 336; google_ad_client \u003d \"pub-4512080808881307\"; //--\u003e google_color_url \u003d \"0000FF\"; google_color_text \u003d \"000000\"; google_color_link \u003d \"ff0000\"; google_color_bg \u003d \"FFFFFF\"; google_color_border \u003d \"FFFFFF\"; google_ad_channel \u003d \"0902062747\"; //2007-05-17: travel-text-links google_ad_format \u003d \"200x90_0ads_al\"; google_ad_height \u003d 90; google_ad_width \u003d 200; google_ad_client \u003d \"pub-4512080808881307\";","textAfterTable":"","hasKeyColumn":true,"keyColumnIndex":0,"headerRowIndex":0}