{"relation":[["Country Name (Click For Destination Guides)","Cambodia","Cameroon","Canada","Cape Verde","Cayman Islands","Central African Republic","Chad","Chile","China","Christmas Island","Clipperton Island","Cocos (Keeling) Islands","Colombia","Comoros","Congo, Democratic Republic of the","Congo, Republic of the","Cook Islands","Coral Sea Islands","Costa Rica","Cote d\u0027Ivoire","Croatia","Cuba","Cyprus","Czech Republic"],["Capital City","Phnom Penh","Yaounde","Ottawa","Praia","George Town","Bangui","N\u0027Djamena","Santiago","Beijing","The Settlement","none","West Island","Bogota","Moroni","Kinshasa","Brazzaville","Avarua","none","San Jose","Yamoussoukro","Zagreb","Havana","Nicosia","Prague"],["Geographic Info (Click for info)","Geography of Cambodia","Geography of Cameroon","Geography of Canada","Geography of Cape Verde","Geography of Cayman Islands","Geography of Central African Republic","Geography of Chad","Geography of Chile","Geography of China","Geography of Christmas Island","Geography of Clipperton Island","Geography of Cocos (Keeling) Islands","Geography of Colombia","Geography of Comoros","Geography of Democratic Republic of the Congo","Geography of Republic of the Congo","Geography of Cook Islands","Geography of Coral Sea Islands","Geography of Costa Rica","Geography of Cote D\u0027Ivoire (Ivory Coast)","Geography of Croatia","Geography of Cuba","Geography of Cyprus","Geography of Czech Republic"]],"pageTitle":"1Up Travel - Read about Geography and Geographic info of all the C - Category Countries of the world. Geography and Facts","title":"","url":"http://www.1uptravel.com/geography/c.html","hasHeader":true,"headerPosition":"FIRST_ROW","tableType":"LAYOUT","tableNum":8,"s3Link":"","recordEndOffset":0,"recordOffset":0,"tableOrientation":"HORIZONTAL","lastModified":"","textBeforeTable":"//--\u003e google_color_url \u003d \"008000\"; google_color_text \u003d \"000000\"; google_color_link \u003d \"ff0000\"; google_color_bg \u003d \"FFFFFF\"; google_color_border \u003d \"FFFFFF\"; google_ad_channel \u003d \"6214417794\"; //2007-05-17: 1uptravel-336x280 google_ad_type \u003d \"text_image\"; google_ad_format \u003d \"336x280_as\"; google_ad_height \u003d 280; google_ad_width \u003d 336; google_ad_client \u003d \"pub-4512080808881307\"; //--\u003e google_color_url \u003d \"0000FF\"; google_color_text \u003d \"000000\"; google_color_link \u003d \"ff0000\"; google_color_bg \u003d \"FFFFFF\"; google_color_border \u003d \"FFFFFF\"; google_ad_channel \u003d \"0902062747\"; //2007-05-17: travel-text-links google_ad_format \u003d \"200x90_0ads_al\"; google_ad_height \u003d 90; google_ad_width \u003d 200; google_ad_client \u003d \"pub-4512080808881307\";","textAfterTable":"","hasKeyColumn":true,"keyColumnIndex":0,"headerRowIndex":0}