{"relation":[["Country Name (Click For Destination Guides)","Macau","Macedonia, The Former Yugoslav Republic of","Madagascar","Malawi","Malaysia","Maldives","Mali","Malta","Man, Isle of","Marshall Islands","Martinique","Mauritania","Mauritius","Mayotte","Mexico","Micronesia, Federated States of","Midway Islands","Moldova","Monaco","Mongolia","Montenegro","Montserrat","Morocco","Mozambique","Myanmar (Burma)"],["Capital City","Macau","Skopje","Antananarivo","Lilongwe","Kuala Lumpur","Male","Bamako","Valletta","Douglas","Majuro","Fort-de-France","Nouakchott","Port Louis","Mamoutzou","Mexico","Palikir","none; administered from Washington, DC","Chisinau","Monaco","Ulaanbaatar","Podgorica","Plymouth","Rabat","Maputo","Rangoon (regime refers to the capital as Yangon)"],["Geographic Info (Click for info)","Geography of Macau","Geography of Macedonia, The Former Yugoslav Republic","Geography of Madagascar","Geography of Malawi","Geography of Malaysia","Geography of Maldives","Geography of Mali","Geography of Malta","Geography of Isle of Man","Geography of Marshall Islands","Geography of Martinique","Geography of Mauritania","Geography of Mauritius","Geography of Mayotte","Geography of Mexico","Geography of Federated States of Micronesia","Geography of Midway Islands","Geography of Moldova","Geography of Monaco","Geography of Mongolia","Geography of Montenegro","Geography of Montserrat","Geography of Morocco","Geography of Mozambique","Geography of Myanmar (Burma)"]],"pageTitle":"1Up Travel - Read about Geography and Geographic info of all the M - Category Countries of the world. Geography and Facts","title":"","url":"http://www.1uptravel.com/geography/m.html","hasHeader":true,"headerPosition":"FIRST_ROW","tableType":"LAYOUT","tableNum":8,"s3Link":"","recordEndOffset":0,"recordOffset":0,"tableOrientation":"HORIZONTAL","TableContextTimeStampAfterTable":"{17221\u003dGeography of Myanmar (Burma), 16895\u003dMyanmar (Burma)}","lastModified":"","textBeforeTable":"//--\u003e google_color_url \u003d \"008000\"; google_color_text \u003d \"000000\"; google_color_link \u003d \"ff0000\"; google_color_bg \u003d \"FFFFFF\"; google_color_border \u003d \"FFFFFF\"; google_ad_channel \u003d \"6214417794\"; //2007-05-17: 1uptravel-336x280 google_ad_type \u003d \"text_image\"; google_ad_format \u003d \"336x280_as\"; google_ad_height \u003d 280; google_ad_width \u003d 336; google_ad_client \u003d \"pub-4512080808881307\"; //--\u003e google_color_url \u003d \"0000FF\"; google_color_text \u003d \"000000\"; google_color_link \u003d \"ff0000\"; google_color_bg \u003d \"FFFFFF\"; google_color_border \u003d \"FFFFFF\"; google_ad_channel \u003d \"0902062747\"; //2007-05-17: travel-text-links google_ad_format \u003d \"200x90_0ads_al\"; google_ad_height \u003d 90; google_ad_width \u003d 200; google_ad_client \u003d \"pub-4512080808881307\";","textAfterTable":"","hasKeyColumn":true,"keyColumnIndex":0,"headerRowIndex":0}