{"relation":[["Country Name (Click For Destination Guides)","South America Continent","Saint Helena","Saint Kitts and Nevis","Saint Lucia","Saint Pierre and Miquelon","Saint Vincent and the Grenadines","Samoa","San Marino","Sao Tome and Principe","Saudi Arabia","Senegal","Serbia","Seychelles","Sierra Leone","Singapore","Slovakia","Slovenia","Solomon Islands","Somalia","South Africa","South America Continent","South Georgia and the South Sandwich Islands","South Korea","Spain","Sri Lanka","Sudan","Suriname","Svalbard","Swaziland","Sweden","Switzerland","Syria"],["Capital City","","Jamestown","Basseterre","Castries","Saint-Pierre","Kingstown","Apia","San Marino","Sao Tome","Riyadh","Dakar","Belgrade","Victoria","Freetown","Singapore","Bratislava","Ljubljana","Honiara","Mogadishu","Pretoria","","none; Grytviken on South Georgia is the garrison town","Seoul","Madrid","Colombo","Khartoum","Paramaribo","Longyearbyen","Mbabane; note - Lobamba is the royal and legislative capital","Stockholm","Bern","Damascus"],["Map (Click to view Map)","Click for Map","Click for Map","Click for Map","Click for Map","Click for Map","Click for Map","Click for Map","Click for Map","Click for Map","Click for Map","Click for Map","Click for Map","Click for Map","Click for Map","Click for Map","Click for Map","Click for Map","Click for Map","Click for Map","Click for Map","Click for Map","Click for Map","Click for Map","Click for Map","Click for Map","Click for Map","Click for Map","Click for Map","Click for Map","Click for Map","Click for Map","Click for Map"]],"pageTitle":"1Up Travel - Maps of all the S - Category Countries of the world.","title":"","url":"http://www.1uptravel.com/worldmaps/s.html","hasHeader":true,"headerPosition":"FIRST_ROW","tableType":"LAYOUT","tableNum":9,"s3Link":"","recordEndOffset":0,"recordOffset":0,"tableOrientation":"HORIZONTAL","lastModified":"","textBeforeTable":"//--\u003e google_color_url \u003d \"008000\"; google_color_text \u003d \"000000\"; google_color_link \u003d \"ff0000\"; google_color_bg \u003d \"FFFFFF\"; google_color_border \u003d \"FFFFFF\"; google_ad_channel \u003d \"6214417794\"; //2007-05-17: 1uptravel-336x280 google_ad_type \u003d \"text_image\"; google_ad_format \u003d \"336x280_as\"; google_ad_height \u003d 280; google_ad_width \u003d 336; google_ad_client \u003d \"pub-4512080808881307\"; //--\u003e e9.size \u003d \"160x600,120x600\"; e9 \u003d new Object(); //--\u003e google_color_url \u003d \"0000FF\"; google_color_text \u003d \"000000\"; google_color_link \u003d \"ff0000\"; google_color_bg \u003d \"FFFFFF\"; google_color_border \u003d \"FFFFFF\"; google_ad_channel \u003d \"0902062747\"; //2007-05-17: travel-text-links google_ad_format \u003d \"200x90_0ads_al\"; google_ad_height \u003d 90; google_ad_width \u003d 200; google_ad_client \u003d \"pub-4512080808881307\";","textAfterTable":"Country Maps Click here for country maps, historical maps, continent maps, and regional maps","hasKeyColumn":true,"keyColumnIndex":0,"headerRowIndex":0}