{"relation":[["#","1.","2.","3.","4.","5.","6.","7.","8.","9.","10.","11.","12.","13.","14.","15.","15.","17.","18.","19.","20.","21.","22.","23.","24.","25.","26.","27.","28.","29.","30.","30.","32.","33.","34.","35.","36.","37.","38.","39."],["Catcheur","Lex Luger","Ric Flair","Blackjack Mulligan","Montel Vontavious Porter","Greg Valentine","Rick Rude","Chris Benoit","Nikita Koloff","Sgt. Slaughter","Magnum T.A.","Wahoo McDaniel","Barry Windham","Booker T","Ricky Steamboat","Steve Austin","Shelton Benjamin","Sting","Jimmy Snuka","Dustin Rhodes","John Cena","Roddy Piper","Jeff Jarrett","Harley Race","Bret Hart","Orlando Jordan","Scott Steiner","Paul Jones","Eddie Guerrero","Konnan","Diamond Dallas Page","The Big Show","Dusty Rhodes","Tully Blanchard","Dick Slater","Kofi Kingston","Big Van Vader","Lance Storm","Curt Hennig","Jim Duggan"],["Nombre de r?gnes","5","5","3","2","2","1","5","1","2","2","5","1","4","4","2","1","2","1","2","3","3","3","1","4","1","2","2","2","1","2","1","1","1","1","1","1","3","1","1"],["Jours combin?s","948","811?","498","419","391","378?","357","328","305","302","289?","283","271","263","240","240","234","231","229?","221","220","184","183","181","173","169","167","161","160","147","147","141","130","129","126","117","115","104","100"]],"pageTitle":"Listes des Champions du WWE United States Championship","title":"","url":"http://fr.academic.ru/dic.nsf/frwiki/1062911","hasHeader":true,"headerPosition":"FIRST_ROW","tableType":"RELATION","tableNum":2,"s3Link":"","recordEndOffset":0,"recordOffset":0,"tableOrientation":"HORIZONTAL","TableContextTimeStampBeforeTable":"{271\u003dCet article regroupe tous les Champions du United States Champioship de sa cr?ation en 1975 ? aujourd\u0027hui. L\u0027United States Championship est un titre de catch appartenant ? la WWE.}","TableContextTimeStampAfterTable":"{83801\u003dWikimedia Foundation. 2010., 70273\u003dAu 10-10-2009.}","lastModified":"","textBeforeTable":"Liste des r?gnes WWE United States Championship de 2003 ? aujourd\u0027hui WCW United States Championship en 2001 WCW United States Heavyweight Championship de 1991 ? 2001 NWA United States Heavyweight Championship (Undisputed) de 1981 ? 1991 NWA United States Heavyweight Championship (Mid-Atlantic version) de 1975 ? 1981 Noms Historique du titre //]]\u003e if (window.showTocToggle) { var tocShowText \u003d \"afficher\"; var tocHideText \u003d \"masquer\"; showTocToggle(); } // \u003cscript type\u003d\"text/javascript\"\u003e \u003c/table\u003e \u003c/tbody\u003e \u003c/tr\u003e \u003c/ul\u003e \u003c/td\u003e \u003cli class\u003d\"toclevel-1 tocsection-5\"\u003e\u003ca href\u003d\"#Liens_externes\"\u003e\u003cspan class\u003d\"tocnumber\"\u003e3\u003c/span\u003e \u003cspan class\u003d\"toctext\"\u003eLiens externes\u003c/span\u003e\u003c/a\u003e\u003c/li\u003e \u003cli class\u003d\"toclevel-1 tocsection-4\"\u003e\u003ca href\u003d\"#R.C3.A8gnes_combin.C3.A9s\"\u003e\u003cspan class\u003d\"tocnumber\"\u003e2\u003c/span\u003e \u003cspan class\u003d\"toctext\"\u003eR?gnes combin?s\u003c/span\u003e\u003c/a\u003e\u003c/li\u003e \u003c/ul\u003e \u003c/li\u003e \u003cli class\u003d\"toclevel-2 tocsection-3\"\u003e\u003ca href\u003d\"#Liste_des_r.C3.A8gnes\"\u003e\u003cspan class\u003d\"tocnumber\"\u003e1.2\u003c/span\u003e \u003cspan class\u003d\"toctext\"\u003eListe des r?gnes\u003c/span\u003e\u003c/a\u003e\u003c/li\u003e \u003cli class\u003d\"toclevel-2 tocsection-2\"\u003e\u003ca href\u003d\"#Noms\"\u003e\u003cspan class\u003d\"tocnumber\"\u003e1.1\u003c/span\u003e \u003cspan class\u003d\"toctext\"\u003eNoms\u003c/span\u003e\u003c/a\u003e\u003c/li\u003e \u003cul\u003e \u003cli class\u003d\"toclevel-1 tocsection-1\"\u003e\u003ca href\u003d\"#Historique_du_titre\"\u003e\u003cspan class\u003d\"tocnumber\"\u003e1\u003c/span\u003e \u003cspan class\u003d\"toctext\"\u003eHistorique du titre\u003c/span\u003e\u003c/a\u003e \u003cul\u003e \u003c/div\u003e \u003ch2\u003eSommaire\u003c/h2\u003e \u003cdiv id\u003d\"toctitle\"\u003e \u003ctd style\u003d\"text-align: left;\"\u003e \u003ctr\u003e \u003ctbody\u003e \u003ctable id\u003d\"toc\" class\u003d\"toc\"\u003e \u003cp\u003eCet article regroupe tous les \u003cb\u003eChampions du \u003ca href\u003d\"1724678\"\u003eUnited States Champioship\u003c/a\u003e\u003c/b\u003e de sa cr?ation en 1975 ? aujourd\u0027hui. L\u0027United States Championship est un titre de \u003ca href\u003d\"298271\"\u003ecatch\u003c/a\u003e appartenant ? la \u003ca href\u003d\"1724551\"\u003eWWE\u003c/a\u003e.\u003c/p\u003e \u003c/div\u003e \u003c/div\u003e \u003c/div\u003e \u003ca href\u003d\"920882\"\u003eKofi Kingston\u003c/a\u003e, avec la ceinture. \u003c/div\u003e L\u0027ancien champion des ?tats-Unis \u003cimg src\u003d\"/pictures/frwiki/109/magnify-clip.png\" border\u003d\"0\" width\u003d\"15\" height\u003d\"11\" alt\u003d\"\" /\u003e \u003cdiv class\u003d\"magnify\"\u003e \u003cdiv class\u003d\"thumbcaption\"\u003e \u003ca href\u003d\"/pictures/frwiki/75/Kofi_USA_Champion.jpg\" target\u003d\"_blank\"\u003e\u003cimg alt\u003d\"\" src\u003d\"/pictures/frwiki/49/180px-Kofi_USA_Champion.jpg\" border\u003d\"0\" width\u003d\"180\" height\u003d\"255\" class\u003d\"thumbimage\" /\u003e\u003c/a\u003e \u003cdiv class\u003d\"thumbinner\" style\u003d\"width:182px;\"\u003e \u003cdiv class\u003d\"thumb tright\"\u003e \u003cdiv id\u003d\"bodyContent\"\u003e \u003ch2\u003eListe des Champions du WWE United States Championship\u003c/h2\u003e \u003ca id\u003d\"top\"\u003e\u003c/a\u003e \u003cdiv id\u003d\"content\"\u003e \u003cdiv id\u003d\"column-content\"\u003e \u003cdd itemprop\u003d\"content\" class\u003d\"descript\" lang\u003d\"fr\"\u003e \u003c/dt\u003e Listes des Champions du WWE United States Championship \u003cdt itemprop\u003d\"title\" class\u003d\"term\" lang\u003d\"fr\"\u003e \u003cdiv itemscope\u003d\"\"","textAfterTable":"24 Greg Valentine Norfolk 4 novembre 1982 1 163 25 Roddy Piper Greensboro 16 avril 1983 2 14 26 Greg Valentine Greensboro 30 avril 1983 2 228 27 Dick Slater Shelby 14 d?cembre 1983 1 129 28 Ricky \"The Dragon\" Steamboat Greensboro 21 avril 1984 2 64 29 Wahoo McDaniel Greensboro 24 juin 1984 4 7 29.1 - Vacant Juillet 1984 30 Wahoo McDaniel Charlotte, Caroline du Nord 7 octobre 1984 5 167 31 Magnum T.A. Charlotte, Caroline du Nord 23","hasKeyColumn":true,"keyColumnIndex":1,"headerRowIndex":0}