{"relation":[["Mathematician","Keith F. Taylor","Anthony To-Ming Lau","Edmond E. Granirer","Harry Kesten","Mark Kac","Hugo Steinhaus","David Hilbert","C. L. Ferdinand Lindemann","C. Felix Klein","Julius Pl?cker","Christian Ludwig Gerling","Carl Friedrich Gauss","Johann Friedrich Pfaff","Abraham Gotthelf Kaestner","Christian August Hausen","Christian Andreas Siber","Rudolf Lipschitz","Gustav Peter Lejeune Dirichlet","Simeon Denis Poisson","Jean-Baptiste Fourier","Joseph Louis Lagrange","Leonhard Euler","Johann Bernoulli","Jacob Bernoulli","Martin Ohm","Karl Christian von Langsdorf"],["Year of PhD","1975","1969","1962","1958","1937","1911","1885","1873","1868","1823","1812","1799","1786","1739","1713","1682","1853","1827","unknown","unknown","unknown","1726","1694","unknown","1811","unknown"],["Granting Institution","University of Alberta","University of British Columbia","Hebrew University","Cornell University","University of Lw?w","Georg-August-Universit?t G?ttingen","Universit?t K?nigsberg","Friedrich-Alexander-Universit?t Erlangen-N?rnberg","Rheinische Friedrich-Wilhelms-Universit?t Bonn","Philipps - Universit?t Marburg","Georg-August-Universit?t G?ttingen","Universit?t Helmstedt","Georg-August-Universit?t G?ttingen","Universit?t Leipzig","Martin-Luther-Universit?t Halle-Wittenberg","Martin-Luther-Universit?t Halle-Wittenberg","Universit?t Berlin","Rheinische Friedrich-Wilhelms-Universit?t Bonn","unknown","unknown","unknown","Universit?t Basel","unknown","unknown","Friedrich-Alexander-Universit?t Erlangen-N?rnberg","unknown"],["Supervisor","Anthony To-Ming Lau","Edmond E. Granirer","Harry Kesten","Mark Kac","Hugo Steinhaus","David Hilbert","C. L. Ferdinand Lindemann","C. Felix Klein","Julius Pl?cker and Rudolf Lipschitz","Christian Gerling","Carl Friedrich Gauss","Johann Friedrich Pfaff","Abraham Gotthelf Kaestner","Christian August Hausen","Christian Andreas Siber","unknown","Gustav Dirichlet and Martin Ohm","Simeon Poisson and Jean-Baptiste Fourier","Joseph Lagrange","Joseph Louis Lagrange","Leonhard Euler","Johann Bernoulli","Jacob Bernoulli","unknown","Karl Christian von Langsdorf","unknown"],["Thesis","The Structure of the Regular Representation of a Locally Compact Group","Topological Semigroups","On Amenable Semigroups with a Finite Dimensional Set of Invariant Mean","Symmetric Random Walks on Groups","unknown","Neue Anwendungen des Dirichlet\u0027schen Prinzips","?ber invariante Eigenschaften specieller bin?rer Formen, insbesondere der Kugelfunctionen","?ber unendlich kleine Bewegungen und ?ber Kraftsysteme bei allgemeiner projektivischer Ma?bestimmung","?ber die Transformation der allgemeinen Gleichung des zweiten Grades zwischen Linien-Koordinaten auf eine kanonische Form","Generalem analyeseos applicationem ad ea quae geometriae altioris et mechanicae basis et fundamenta sunt e serie Tayloria deducit","Methodi proiectionis orthographicae usum ad calculos parallacticos facilitandos explicavit simulque eclipsin solarem die","Demonstratio nova theorematis omnem functionem algebraicam rationalem integram unius variabilis in factores reales primi vel secundi gradus resolvi posse","Commentatio de ortibus et occasibus siderum apud auctores classicos commemoratis","Theoria radicum in aequationibus","Ex Philologicis De Asiarchis","De stylo Novi Testamenti Graeco","Determinatio status magnetici viribus inducentibus commoti in ellipsoide","unknown","unknown","unknown","unknown","unknown","unknown","unknown","De elevatione serierum infinitarum secundi ordinis ad potestatem exponentis indeterminati","unknown"]],"pageTitle":"Xikui Wang: Ancestors in mathematics and statistics","title":"","url":"http://home.cc.umanitoba.ca/~wangx1/ancestor.html","hasHeader":true,"headerPosition":"FIRST_ROW","tableType":"RELATION","tableNum":1,"s3Link":"","recordEndOffset":0,"recordOffset":0,"tableOrientation":"HORIZONTAL","lastModified":"","textBeforeTable":"My Ph.D. (Statistics) supervisor is Professor Mikelis G. Bickis - thanks to The Mathematics Genealogy Project (from North Dakota State University) Ancestors for my M.Sc. in Mathematics] Ancestors for my Ph.D. in Statistics] [ [ --\u003e [Hotlinks] [Personal] [Seminar] [Teaching] [Research]","textAfterTable":"1962 Hebrew University Harry Kesten On Amenable Semigroups with a Finite Dimensional Set of Invariant Mean Harry Kesten 1958 Cornell University Mark Kac Symmetric Random Walks on Groups Mark Kac 1937 University of Lw?w Hugo Steinhaus unknown Hugo Steinhaus 1911 Georg-August-Universit?t G?ttingen David Hilbert Neue Anwendungen des Dirichlet\u0027schen Prinzips David Hilbert 1885 Universit?t K?nigsberg C. L. Ferdinand Lindemann ?ber invariante Eigenschaften specieller bin?rer Formen, insbesondere der Kugelfunctionen C. L. Ferdinand Lindemann 1873 Friedrich-Alexander-Universit?t Erlangen-N?rnberg C. Felix Klein ?ber unendlich kleine Bewegungen und ?ber Kraftsysteme bei allgemeiner projektivischer Ma?bestimmung C. Felix Klein 1868 Rheinische Friedrich-Wilhelms-Universit?t Bonn Julius Pl?cker and Rudolf Lipschitz ?ber die Transformation der allgemeinen Gleichung des zweiten Grades zwischen Linien-Koordinaten auf eine kanonische Form Julius Pl?cker 1823 Philipps - Universit?t Marburg Christian Gerling Generalem analyeseos applicationem ad ea quae geometriae altioris et mechanicae basis et fundamenta sunt e serie Tayloria deducit Christian Ludwig Gerling","hasKeyColumn":true,"keyColumnIndex":0,"headerRowIndex":0}