http://dbpedia.org/ontology/developer,developer[14][16],False,2
http://dbpedia.org/ontology/publisher,publisher[10][11][14][17][18],False,3
http://dbpedia.org/ontology/releaseDate,regions released[10][11][12][13][19],False,4
http://dbpedia.org/ontology/genre,genre[10][11][15][18][22][23],False,7
http://dbpedia.org/ontology/numberOfPlayers,number of players[10][12][13][20],False,5
http://dbpedia.org/ontology/VideoGame,title(s)[10][11][12][13],True,0
http://dbpedia.org/ontology/year,year first released[10][11][14][15],False,1
